1320,1319,2,1,1,1,-1,-1,-1,635.8378980677195,1513.5798004683481,119,.,-1,1,-1,119
1320,1319,4,3,3,3,-1,-1,-1,1649.9892387172447,1032.6226219974078,118,.,-1,3,-1,118
1320,1319,6,5,5,5,-1,-1,-1,578.0711010136633,1109.506060082802,117,.,-1,5,-1,117
1320,1319,8,7,7,7,-1,-1,-1,565.8835386225239,949.2960978633882,118,.,-1,7,-1,118
1320,1319,10,9,9,9,-1,-1,-1,1164.3420490139417,745.8049129657894,118,.,-1,9,-1,118
1320,1319,12,11,11,11,-1,-1,-1,1276.3243571011105,385.4132172776584,117,.,-1,11,-1,117
1320,1319,14,13,13,13,-1,-1,-1,897.3105597287404,1293.6846833753907,117,.,-1,13,-1,117
1320,1319,16,15,15,15,-1,-1,-1,1171.923530358797,1202.0600105959563,118,.,-1,15,-1,118
1320,1319,18,17,17,17,-1,-1,-1,1604.9385523384162,1207.9422121502294,118,.,-1,17,-1,118
1320,1319,20,19,19,19,-1,-1,-1,1453.1659154210079,483.3114412689948,118,.,-1,19,-1,118
1320,1319,22,21,21,21,-1,-1,-1,1136.192471757913,567.7074998141279,118,.,-1,21,-1,118
1320,1319,24,23,23,23,-1,-1,-1,1034.6932016062328,1446.0351607738178,118,.,-1,23,-1,118
1320,1319,26,25,25,25,-1,-1,-1,1053.6071657654315,668.1376470631078,117,.,-1,25,-1,117
1320,1319,28,27,27,27,-1,-1,-1,893.0664223699191,1469.5083524158315,118,.,-1,27,-1,118
1320,1319,30,29,29,29,-1,-1,-1,1547.6115578560557,853.7836656768719,118,.,-1,29,-1,118
1320,1319,32,31,31,31,-1,-1,-1,1487.2855362647767,886.2576681961674,118,.,-1,31,-1,118
1320,1319,34,33,33,33,-1,-1,-1,1390.7575699708202,609.1709432468454,118,.,-1,33,-1,118
1320,1319,38,37,37,37,-1,-1,-1,706.6322880540498,1004.2765348416065,118,.,-1,37,-1,118
1320,1319,36,35,35,35,-1,-1,-1,552.6035378284621,870.8957277606551,117,.,-1,35,-1,117
1320,1319,40,39,39,39,-1,-1,-1,601.8345201402756,1264.6196815557769,117,.,-1,39,-1,117
1320,1319,42,41,41,41,-1,-1,-1,1245.2010705453629,1452.6642238629215,118,.,-1,41,-1,118
1320,1319,44,43,43,43,-1,-1,-1,1371.6621724903382,1162.3238840144704,118,.,-1,43,-1,118
1320,1319,46,45,45,45,-1,-1,-1,830.629591173292,1363.0591686178673,118,.,-1,45,-1,118
1320,1319,58,47,47,47,-1,-1,-1,1967.7103205327123,1232.3253546498233,1316,.,-1,47,0,1316
1320,1319,70,69,69,69,-1,-1,-1,1119.4701233206745,1347.7047001573442,118,.,-1,69,-1,118
1320,1319,72,71,71,71,-1,-1,-1,1309.2864446039418,807.8803708949797,117,.,-1,71,-1,117
1320,1319,74,73,73,73,-1,-1,-1,1324.661731500923,663.3565737361405,117,.,-1,73,-1,117
1320,1319,76,75,75,75,-1,-1,-1,1358.5442510849748,1281.0755760562477,118,.,-1,75,-1,118
1320,1319,78,77,77,77,-1,-1,-1,1473.7340313908676,810.7493406898827,118,.,-1,77,-1,118
1320,1319,80,79,79,79,-1,-1,-1,1206.105554183317,679.1642892465273,118,.,-1,79,-1,118
1320,1319,82,81,81,81,-1,-1,-1,822.3487609260538,674.993619734754,118,.,-1,81,-1,118
1320,1319,84,83,83,83,-1,-1,-1,1399.7657612019575,807.8368844916486,117,.,-1,83,-1,117
1320,1319,86,85,85,85,-1,-1,-1,741.6820952701319,1253.403510336219,117,.,-1,85,-1,117
1320,1319,88,87,87,87,-1,-1,-1,1533.9279013716323,775.3595356619916,118,.,-1,87,-1,118
1320,1319,90,89,89,89,-1,-1,-1,1635.6231558012475,1264.658577542631,118,.,-1,89,-1,118
1320,1319,92,91,91,91,-1,-1,-1,1187.6421442689677,1397.2645564755744,118,.,-1,91,-1,118
1320,1319,94,93,93,93,-1,-1,-1,1244.5464621726583,1251.290840364082,118,.,-1,93,-1,118
1320,1319,96,95,95,95,-1,-1,-1,1122.597574694264,481.37202141664943,117,.,-1,95,-1,117
1320,1319,98,97,97,97,-1,-1,-1,962.1617763169345,1422.0552959177664,118,.,-1,97,-1,118
1320,1319,100,99,99,99,-1,-1,-1,758.3010075631313,1333.1588837852041,118,.,-1,99,-1,118
1320,1319,102,101,101,101,-1,-1,-1,825.6553931775292,835.1735313083934,117,.,-1,101,-1,117
1320,1319,104,103,103,103,-1,-1,-1,733.268076067736,773.5623700738639,118,.,-1,103,-1,118
1320,1319,106,105,105,105,-1,-1,-1,802.5898669323172,747.3210048859075,117,.,-1,105,-1,117
1320,1319,108,107,107,107,-1,-1,-1,1692.6033801086644,988.1539327636276,118,.,-1,107,-1,118
1320,1319,110,109,109,109,-1,-1,-1,1391.7664794921875,1184.386474609375,119,.,-1,109,-1,119
1320,1319,112,111,111,111,-1,-1,-1,623.4163236543461,894.6548991244994,117,.,-1,111,-1,117
1320,1319,114,113,113,113,-1,-1,-1,887.0240206741385,1629.6639127361475,117,.,-1,113,-1,117
1320,1319,116,115,115,115,-1,-1,-1,736.3654688012801,574.9243878512827,117,.,-1,115,-1,117
1320,1319,121,120,120,120,-1,-1,-1,1361.4651064105406,1052.027454072587,117,.,-1,120,-1,117
1320,1319,123,122,122,122,-1,-1,-1,1498.729161135138,710.6731061218495,117,.,-1,122,-1,117
1320,1319,125,124,124,124,-1,-1,-1,1077.5806658617494,1232.4475038469686,118,.,-1,124,-1,118
1320,1319,127,126,126,126,-1,-1,-1,1344.098167079411,882.286165321896,117,.,-1,126,-1,117
1320,1319,129,128,128,128,-1,-1,-1,1037.3570121756968,1299.3643323285826,117,.,-1,128,-1,117
1320,1319,131,130,130,130,-1,-1,-1,1303.3934203473298,1315.0173800212742,118,.,-1,130,-1,118
1320,1319,133,132,132,132,-1,-1,-1,1585.1377336507817,1301.9949929062163,118,.,-1,132,-1,118
1320,1319,135,134,134,134,-1,-1,-1,826.4697073476483,1444.1382688530286,118,.,-1,134,-1,118
1320,1319,137,136,136,136,-1,-1,-1,1437.3201598976275,743.1157587674534,118,.,-1,136,-1,118
1320,1319,139,138,138,138,-1,-1,-1,675.8659108649163,827.4090621621583,118,.,-1,138,-1,118
1320,1319,141,140,140,140,-1,-1,-1,870.4695432695546,538.340823844538,118,.,-1,140,-1,118
1320,1319,143,142,142,142,-1,-1,-1,1526.1716526212308,945.4749036222988,117,.,-1,142,-1,117
1320,1319,145,144,144,144,-1,-1,-1,678.825479979105,624.2886819110809,117,.,-1,144,-1,117
1320,1319,147,146,146,146,-1,-1,-1,758.9208321452224,1412.1833046146216,118,.,-1,146,-1,118
1320,1319,149,148,148,148,-1,-1,-1,641.3660528769343,753.342631135467,117,.,-1,148,-1,117
1320,1319,151,150,150,150,-1,-1,-1,1034.5280581263496,597.4726977070744,118,.,-1,150,-1,118
1320,1319,153,152,152,152,-1,-1,-1,587.763346050683,506.1219366310012,117,.,-1,152,-1,117
1320,1319,413,154,154,154,-1,-1,-1,1066.2799881301844,1009.164419007112,1316,.,-1,154,0,1316
1320,1319,673,672,672,672,-1,-1,-1,646.2534725366842,1144.379676238204,117,.,-1,672,-1,117
1320,1319,675,674,674,674,-1,-1,-1,939.4803503015743,499.7644604398687,118,.,-1,674,-1,118
1320,1319,677,676,676,676,-1,-1,-1,640.1497390484245,1061.3729543058341,118,.,-1,676,-1,118
1320,1319,679,678,678,678,-1,-1,-1,660.5935406536277,1224.763792297808,118,.,-1,678,-1,118
1320,1319,681,680,680,680,-1,-1,-1,1392.1849619076015,441.9698358699885,118,.,-1,680,-1,118
1320,1319,683,682,682,682,-1,-1,-1,684.6031826904,1298.194385802879,118,.,-1,682,-1,118
1320,1319,689,688,688,688,-1,-1,-1,691.0726331530528,1380.4284016096462,117,.,-1,688,-1,117
1320,1319,685,684,684,684,-1,-1,-1,986.5705762910237,736.9998940590914,117,.,-1,684,-1,117
1320,1319,687,686,686,686,-1,-1,-1,605.8299486512983,816.6258515263341,118,.,-1,686,-1,118
1320,1319,696,690,690,690,-1,-1,-1,437.91374810578,183.35008259351653,1316,.,-1,690,0,1316
1320,1319,703,702,702,702,-1,-1,-1,1309.3246331162504,1214.196315647048,118,.,-1,702,-1,118
1320,1319,705,704,704,704,-1,-1,-1,1353.0018821580093,743.8422712818582,117,.,-1,704,-1,117
1320,1319,707,706,706,706,-1,-1,-1,767.7988308256865,380.7419433377555,117,.,-1,706,-1,117
1320,1319,709,708,708,708,-1,-1,-1,1111.983688628383,1421.0237880121458,118,.,-1,708,-1,118
1320,1319,711,710,710,710,-1,-1,-1,1318.3629973220338,1431.8861921775397,118,.,-1,710,-1,118
1320,1319,713,712,712,712,-1,-1,-1,1216.2164652485267,361.13004359195236,119,.,-1,712,-1,119
1320,1319,715,714,714,714,-1,-1,-1,1150.455933894059,1280.875118220465,118,.,-1,714,-1,118
1320,1319,717,716,716,716,-1,-1,-1,750.7504970517101,858.6833474814018,117,.,-1,716,-1,117
1320,1319,719,718,718,718,-1,-1,-1,1217.661842674649,1326.664048716233,117,.,-1,718,-1,117
1320,1319,721,720,720,720,-1,-1,-1,1235.5534798254514,1147.763689152437,117,.,-1,720,-1,117
1320,1319,723,722,722,722,-1,-1,-1,956.9069727430876,1499.7190146355522,117,.,-1,722,-1,117
1320,1319,725,724,724,724,-1,-1,-1,1438.3454522965092,1034.5400360110368,118,.,-1,724,-1,118
1320,1319,727,726,726,726,-1,-1,-1,783.6743929626963,940.6954534537947,118,.,-1,726,-1,118
1320,1319,729,728,728,728,-1,-1,-1,374.17429768017246,1066.4924921987092,117,.,-1,728,-1,117
1320,1319,731,730,730,730,-1,-1,-1,432.1398180518388,1099.442175023037,119,.,-1,730,-1,119
1320,1319,733,732,732,732,-1,-1,-1,960.0508812695972,1338.2338997606648,118,.,-1,732,-1,118
1320,1319,735,734,734,734,-1,-1,-1,1260.093226672378,1599.9907330072303,118,.,-1,734,-1,118
1320,1319,737,736,736,736,-1,-1,-1,630.0032863204164,674.2336038382309,118,.,-1,736,-1,118
1320,1319,739,738,738,738,-1,-1,-1,883.0550897366337,610.4524345458127,118,.,-1,738,-1,118
1320,1319,741,740,740,740,-1,-1,-1,823.1255204289519,1285.4542712109255,117,.,-1,740,-1,117
1320,1319,1003,744,744,744,-1,-1,-1,991.6577525000523,1010.2126905952334,1316,.,-1,744,0,1316
1320,1319,1268,1262,1262,1262,-1,-1,-1,618.0440396329742,1894.4905694964714,1316,.,-1,1262,0,1316
1320,1319,1275,1274,1274,1274,-1,-1,-1,780.8550317221762,1039.321455399711,117,.,-1,1274,-1,117
1320,1319,1277,1276,1276,1276,-1,-1,-1,568.715370597637,1030.0280402735912,118,.,-1,1276,-1,118
1320,1319,1279,1278,1278,1278,-1,-1,-1,803.0703320490232,524.6662354278388,117,.,-1,1278,-1,117
1320,1319,1281,1280,1280,1280,-1,-1,-1,1371.1845034120352,967.0716403197055,117,.,-1,1280,-1,117
1320,1319,1283,1282,1282,1282,-1,-1,-1,1010.2551628084376,518.852562788771,118,.,-1,1282,-1,118
1320,1319,1285,1284,1284,1284,-1,-1,-1,587.9598007563068,1189.520655535361,118,.,-1,1284,-1,118
1320,1319,1291,1290,1290,1290,-1,-1,-1,811.9301861210843,1125.5224294038312,117,.,-1,1290,-1,117
1320,1319,1287,1286,1286,1286,-1,-1,-1,1218.3102427934646,803.9215570831464,117,.,-1,1286,-1,117
1320,1319,1289,1288,1288,1288,-1,-1,-1,1464.6405399075754,1180.743047504879,118,.,-1,1288,-1,118
1320,1319,1293,1292,1292,1292,-1,-1,-1,1326.7719082375017,577.1182200329687,117,.,-1,1292,-1,117
1320,1319,1295,1294,1294,1294,-1,-1,-1,1563.3490077633369,1362.9313289746287,117,.,-1,1294,-1,117
1320,1319,1297,1296,1296,1296,-1,-1,-1,698.9415434949793,706.5899322990563,118,.,-1,1296,-1,118
1320,1319,1299,1298,1298,1298,-1,-1,-1,1508.8695068359375,987.9300537109375,118,.,-1,1298,-1,118
1320,1319,1301,1300,1300,1300,-1,-1,-1,1270.0538085761402,728.8023083186332,118,.,-1,1300,-1,118
1320,1319,1303,1302,1302,1302,-1,-1,-1,1420.0592880969905,881.1804888240565,118,.,-1,1302,-1,118
1320,1319,1305,1304,1304,1304,-1,-1,-1,1291.1419900245417,961.2505934978674,118,.,-1,1304,-1,118
1320,1319,1307,1306,1306,1306,-1,-1,-1,1456.7327880859375,960.8773193359375,118,.,-1,1306,-1,118
1320,1319,1309,1308,1308,1308,-1,-1,-1,880.3256960298352,465.66802516027053,117,.,-1,1308,-1,117
1320,1319,1311,1310,1310,1310,-1,-1,-1,1677.7374028780791,924.8988853906224,117,.,-1,1310,-1,117
1320,1319,1313,1312,1312,1312,-1,-1,-1,419.58828760519873,933.2179284460718,119,.,-1,1312,-1,119
1320,1319,1318,1317,1317,1317,-1,-1,-1,1309.927994920936,1120.6088720502976,117,.,-1,1317,-1,117
1320,1319,1322,1321,1321,1321,-1,-1,-1,420.21550975902585,1016.3275129346182,118,.,-1,1321,-1,118
1320,1319,1324,1323,1323,1323,-1,-1,-1,1428.96337890625,1147.4954833984375,118,.,-1,1323,-1,118
1320,1319,1326,1325,1325,1325,-1,-1,-1,1111.711867509245,1640.7343292975556,117,.,-1,1325,-1,117
1320,1319,1328,1327,1327,1327,-1,-1,-1,793.4298095703125,1347.8060302734375,118,.,-1,1327,-1,118
1320,1319,1330,1329,1329,1329,-1,-1,-1,1266.2862938579203,629.2122424477249,118,.,-1,1329,-1,118
1320,1319,1332,1331,1331,1331,-1,-1,-1,899.8605804157884,694.5435615139057,117,.,-1,1331,-1,117
1320,1319,1334,1333,1333,1333,-1,-1,-1,1272.414005084492,1377.3031622630133,117,.,-1,1333,-1,117
1320,1319,1336,1335,1335,1335,-1,-1,-1,415.86516336944476,1238.2650619283093,117,.,-1,1335,-1,117
1320,1319,1349,1337,1337,1337,-1,-1,-1,72.51025577760436,1105.4027868870564,1316,.,-1,1337,0,1316
1320,1319,1362,1361,1361,1361,-1,-1,-1,1489.9403629728774,1098.2013669492853,117,.,-1,1361,-1,117
1320,1319,1364,1363,1363,1363,-1,-1,-1,627.185837402867,1338.2909810489848,117,.,-1,1363,-1,117
1320,1319,1366,1365,1365,1365,-1,-1,-1,1406.76015319188,1221.3664049625331,117,.,-1,1365,-1,117
1320,1319,1368,1367,1367,1367,-1,-1,-1,1027.4821113599287,1512.9034474914672,117,.,-1,1367,-1,117
1320,1319,1370,1369,1369,1369,-1,-1,-1,971.7253856977155,1241.0364208615397,117,.,-1,1369,-1,117
1320,1319,1372,1371,1371,1371,-1,-1,-1,716.026544339713,1094.4753159772179,118,.,-1,1371,-1,118
1320,1319,1374,1373,1373,1373,-1,-1,-1,896.0603050703808,1388.7375989632171,118,.,-1,1373,-1,118
1320,1319,1380,1375,1375,1375,-1,-1,-1,1325.1325054578795,1947.894015440313,1316,.,-1,1375,0,1316
1320,1319,1387,1386,1386,1386,-1,-1,-1,367.44374485614776,978.9582792540436,119,.,-1,1386,-1,119
1320,1319,1389,1388,1388,1388,-1,-1,-1,1367.9788880593258,1391.004032450638,118,.,-1,1388,-1,118
1320,1319,1391,1390,1390,1390,-1,-1,-1,1333.9162024821499,410.8601870623726,118,.,-1,1390,-1,118
1320,1319,1393,1392,1392,1392,-1,-1,-1,701.207376606188,421.51208643248196,117,.,-1,1392,-1,117
1320,1319,1395,1394,1394,1394,-1,-1,-1,401.83288457284164,832.6475430041033,119,.,-1,1394,-1,119
1320,1319,1397,1396,1396,1396,-1,-1,-1,1275.1037058842398,1044.8449926388644,118,.,-1,1396,-1,118
1320,1319,1399,1398,1398,1398,-1,-1,-1,628.1127368863259,979.447339516121,118,.,-1,1398,-1,118
1320,1319,1401,1400,1400,1400,-1,-1,-1,953.0763790006162,574.3126695182988,118,.,-1,1400,-1,118
1320,1319,1403,1402,1402,1402,-1,-1,-1,575.2251939177804,716.9033721339367,117,.,-1,1402,-1,117
1320,1319,1405,1404,1404,1404,-1,-1,-1,1439.9804823091479,1276.9340308513438,118,.,-1,1404,-1,118
1320,1319,1407,1406,1406,1406,-1,-1,-1,643.2790472271695,463.21922993823205,117,.,-1,1406,-1,117
1320,1319,1409,1408,1408,1408,-1,-1,-1,1101.1682079884467,1492.763714343154,118,.,-1,1408,-1,118
1320,1319,1411,1410,1410,1410,-1,-1,-1,1685.9839327076209,1086.5346664199094,118,.,-1,1410,-1,118
1320,1319,1413,1412,1412,1412,-1,-1,-1,1174.1949418612492,1474.0546907254698,118,.,-1,1412,-1,118
1320,1319,1417,1416,1416,1416,-1,-1,-1,1037.3701659567355,1375.1874022887298,118,.,-1,1416,-1,118
1320,1319,1415,1414,1414,1414,-1,-1,-1,1448.1061321347331,957.0447209678148,118,.,-1,1414,-1,118
1320,1319,1419,1418,1418,1418,-1,-1,-1,1392.143962055454,684.2651110000165,118,.,-1,1418,-1,118
1320,1319,1427,1420,1420,1420,-1,-1,-1,1457.168420006909,92.3265608700035,1316,.,-1,1420,0,1316
1320,1319,1435,1434,1434,1434,-1,-1,-1,1335.88388698652,1571.1426465273626,118,.,-1,1434,-1,118
1320,1319,1437,1436,1436,1436,-1,-1,-1,1257.2746881322105,879.8897817640245,118,.,-1,1436,-1,118
1320,1319,1439,1438,1438,1438,-1,-1,-1,1402.096923828125,1094.3746337890625,119,.,-1,1438,-1,119
1320,1319,1441,1440,1440,1440,-1,-1,-1,545.6347561433538,785.19872886166,118,.,-1,1440,-1,118
1320,1319,1443,1442,1442,1442,-1,-1,-1,756.809653994564,1578.6025826328084,118,.,-1,1442,-1,118
1320,1319,1445,1444,1444,1444,-1,-1,-1,1149.5538032444927,336.0569415000135,119,.,-1,1444,-1,119
1320,1319,1447,1446,1446,1446,-1,-1,-1,530.2586788545796,556.5585538813556,118,.,-1,1446,-1,118
1320,1319,1449,1448,1448,1448,-1,-1,-1,1049.7246773684565,451.8274524957203,118,.,-1,1448,-1,118
1320,1319,1719,1450,1450,1450,-1,-1,-1,1028.6674161730316,945.1437296798188,1316,.,-1,1450,0,1316
1320,1319,1989,1988,1988,1988,-1,-1,-1,1259.9169947460375,547.2688209603867,118,.,-1,1988,-1,118
1320,1319,1991,1990,1990,1990,-1,-1,-1,747.9002739726238,656.6717786759963,118,.,-1,1990,-1,118
1320,1319,1994,1993,1993,1993,-1,-1,-1,860.41015625,1299.777099609375,118,.,-1,1993,-1,118
1320,1319,1996,1995,1995,1995,-1,-1,-1,807.5304273832993,1204.6351185588132,118,.,-1,1995,-1,118
1320,1319,1998,1997,1997,1997,-1,-1,-1,1665.6226856414266,1177.9961938821364,117,.,-1,1997,-1,117
1320,1319,2000,1999,1999,1999,-1,-1,-1,1456.5433507591506,650.995361196379,118,.,-1,1999,-1,118
1320,1319,2002,2001,2001,2001,-1,-1,-1,699.3645140540388,1547.8639454346003,117,.,-1,2001,-1,117
1320,1319,2004,2003,2003,2003,-1,-1,-1,1409.7042461930025,1343.5717650197014,118,.,-1,2003,-1,118
1320,1319,2006,2005,2005,2005,-1,-1,-1,891.0320303119793,1202.6461826044685,118,.,-1,2005,-1,118
1320,1319,2008,2007,2007,2007,-1,-1,-1,1084.9270473461472,742.0146181474686,117,.,-1,2007,-1,117
1320,1319,2010,2009,2009,2009,-1,-1,-1,891.0990441819644,774.1319473605449,118,.,-1,2009,-1,118
1320,1319,2012,2011,2011,2011,-1,-1,-1,967.8363414972088,652.3291364659268,117,.,-1,2011,-1,117
1320,1319,2014,2013,2013,2013,-1,-1,-1,1425.2849658383138,1114.5694662163144,117,.,-1,2013,-1,117
1320,1319,2016,2015,2015,2015,-1,-1,-1,1505.4723123582696,1017.8554907595542,118,.,-1,2015,-1,118
1320,1319,2018,2017,2017,2017,-1,-1,-1,1188.8076715691932,1623.7671255753949,117,.,-1,2017,-1,117
1320,1319,2020,2019,2019,2019,-1,-1,-1,460.0165463287349,1290.061758898585,118,.,-1,2019,-1,118
1320,1319,2022,2021,2021,2021,-1,-1,-1,804.7115272281585,599.4267191354494,117,.,-1,2021,-1,117
1320,1319,2024,2023,2023,2023,-1,-1,-1,972.5652233023627,439.89192409304746,117,.,-1,2023,-1,117
1320,1319,2026,2025,2025,2025,-1,-1,-1,697.3886696369924,921.73175545447,117,.,-1,2025,-1,117
1320,1319,2028,2027,2027,2027,-1,-1,-1,1200.2516492902596,595.0269549939236,117,.,-1,2027,-1,117
1320,1319,2030,2029,2029,2029,-1,-1,-1,726.5916998628809,1172.5430295427266,118,.,-1,2029,-1,118
1320,1319,2032,2031,2031,2031,-1,-1,-1,1077.1298178613997,541.1111279451251,118,.,-1,2031,-1,118
743,742,59,48,48,48,58,4,1992,.,.,-1,2.0,1314,-1,-1,-1
743,742,60,49,49,49,58,18,1992,.,.,-1,3.0,1314,-1,-1,-1
743,742,61,50,50,50,58,90,1992,.,.,-1,17.0,1314,-1,-1,-1
743,742,62,51,51,51,58,108,1992,.,.,-1,5.0,1314,-1,-1,-1
743,742,63,52,52,52,58,133,1992,.,.,-1,6.0,1314,-1,-1,-1
743,742,64,53,53,53,58,1295,1992,.,.,-1,26.0,1314,-1,-1,-1
743,742,65,54,54,54,58,1311,1992,.,.,-1,8.0,1314,-1,-1,-1
743,742,66,55,55,55,58,1328,1992,.,.,-1,12.0,1314,-1,-1,-1
743,742,67,56,56,56,58,1411,1992,.,.,-1,28.0,1314,-1,-1,-1
743,742,68,57,57,57,58,1998,1992,.,.,-1,9.0,1314,-1,-1,-1
743,742,414,155,155,155,413,2,1992,.,.,-1,9.0,1314,-1,-1,-1
743,742,415,156,156,156,413,4,1992,.,.,-1,5.0,1314,-1,-1,-1
743,742,416,157,157,157,413,6,1992,.,.,-1,17.0,1315,-1,-1,-1
743,742,417,158,158,158,413,8,1992,.,.,-1,24.0,1315,-1,-1,-1
743,742,418,159,158,158,413,8,1992,.,.,-1,32.0,1385,-1,-1,-1
743,742,419,160,160,160,413,10,1992,.,.,-1,35.0,1315,-1,-1,-1
743,742,420,161,160,160,413,10,1992,.,.,-1,52.0,1385,-1,-1,-1
743,742,421,162,162,162,413,12,1992,.,.,-1,25.0,1314,-1,-1,-1
743,742,422,163,163,163,413,14,1992,.,.,-1,8.0,1315,-1,-1,-1
743,742,423,164,164,164,413,16,1992,.,.,-1,48.0,1315,-1,-1,-1
743,742,424,165,164,164,413,16,1992,.,.,-1,49.0,1385,-1,-1,-1
743,742,425,166,166,166,413,18,1992,.,.,-1,24.0,1314,-1,-1,-1
743,742,426,167,167,167,413,20,1992,.,.,-1,9.0,1314,-1,-1,-1
743,742,427,168,168,168,413,22,1992,.,.,-1,48.0,1385,-1,-1,-1
743,742,428,169,168,168,413,22,1992,.,.,-1,52.0,1315,-1,-1,-1
743,742,429,170,170,170,413,24,1992,.,.,-1,22.0,1315,-1,-1,-1
743,742,430,171,170,170,413,24,1992,.,.,-1,28.0,1385,-1,-1,-1
743,742,431,172,172,172,413,26,1992,.,.,-1,13.0,1315,-1,-1,-1
743,742,432,173,173,173,413,28,1992,.,.,-1,25.0,1385,-1,-1,-1
743,742,433,174,173,173,413,28,1992,.,.,-1,37.0,1315,-1,-1,-1
743,742,434,175,175,175,413,30,1992,.,.,-1,7.0,1385,-1,-1,-1
743,742,435,176,175,175,413,30,1992,.,.,-1,15.0,1315,-1,-1,-1
743,742,436,177,177,177,413,32,1992,.,.,-1,47.0,1385,-1,-1,-1
743,742,437,178,177,177,413,32,1992,.,.,-1,55.0,1315,-1,-1,-1
743,742,438,179,179,179,413,34,1992,.,.,-1,24.0,1315,-1,-1,-1
743,742,439,180,179,179,413,34,1992,.,.,-1,27.0,1385,-1,-1,-1
743,742,441,182,182,182,413,38,1992,.,.,-1,59.0,1315,-1,-1,-1
743,742,442,183,182,182,413,38,1992,.,.,-1,74.0,1385,-1,-1,-1
743,742,440,181,181,181,413,36,1992,.,.,-1,6.0,1315,-1,-1,-1
743,742,443,184,184,184,413,40,1992,.,.,-1,6.0,1315,-1,-1,-1
743,742,444,185,185,185,413,42,1992,.,.,-1,38.0,1385,-1,-1,-1
743,742,445,186,185,185,413,42,1992,.,.,-1,39.0,1315,-1,-1,-1
743,742,446,187,187,187,413,44,1992,.,.,-1,16.0,1315,-1,-1,-1
743,742,447,188,187,187,413,44,1992,.,.,-1,16.0,1385,-1,-1,-1
743,742,448,189,189,189,413,46,1992,.,.,-1,59.0,1315,-1,-1,-1
743,742,449,190,189,189,413,46,1992,.,.,-1,61.0,1385,-1,-1,-1
743,742,450,191,191,191,413,70,1992,.,.,-1,27.0,1315,-1,-1,-1
743,742,451,192,191,191,413,70,1992,.,.,-1,33.0,1385,-1,-1,-1
743,742,452,193,193,193,413,72,1992,.,.,-1,5.0,1315,-1,-1,-1
743,742,453,194,194,194,413,74,1992,.,.,-1,6.0,1315,-1,-1,-1
743,742,454,195,195,195,413,76,1992,.,.,-1,29.0,1315,-1,-1,-1
743,742,455,196,195,195,413,76,1992,.,.,-1,33.0,1385,-1,-1,-1
743,742,456,197,197,197,413,78,1992,.,.,-1,41.0,1385,-1,-1,-1
743,742,457,198,197,197,413,78,1992,.,.,-1,45.0,1315,-1,-1,-1
743,742,458,199,199,199,413,80,1992,.,.,-1,31.0,1385,-1,-1,-1
743,742,459,200,199,199,413,80,1992,.,.,-1,37.0,1315,-1,-1,-1
743,742,460,201,201,201,413,82,1992,.,.,-1,16.0,1385,-1,-1,-1
743,742,461,202,201,201,413,82,1992,.,.,-1,29.0,1315,-1,-1,-1
743,742,462,203,203,203,413,84,1992,.,.,-1,10.0,1315,-1,-1,-1
743,742,463,204,204,204,413,86,1992,.,.,-1,13.0,1315,-1,-1,-1
743,742,464,205,205,205,413,88,1992,.,.,-1,3.0,1385,-1,-1,-1
743,742,465,206,205,205,413,88,1992,.,.,-1,18.0,1315,-1,-1,-1
743,742,466,207,207,207,413,90,1992,.,.,-1,16.0,1315,-1,-1,-1
743,742,467,208,207,207,413,90,1992,.,.,-1,22.0,1314,-1,-1,-1
743,742,468,209,209,209,413,92,1992,.,.,-1,19.0,1385,-1,-1,-1
743,742,469,210,209,209,413,92,1992,.,.,-1,30.0,1315,-1,-1,-1
743,742,470,211,211,211,413,94,1992,.,.,-1,34.0,1315,-1,-1,-1
743,742,471,212,211,211,413,94,1992,.,.,-1,50.0,1385,-1,-1,-1
743,742,472,213,213,213,413,96,1992,.,.,-1,7.0,1315,-1,-1,-1
743,742,473,214,214,214,413,98,1992,.,.,-1,40.0,1385,-1,-1,-1
743,742,474,215,214,214,413,98,1992,.,.,-1,46.0,1315,-1,-1,-1
743,742,475,216,216,216,413,100,1992,.,.,-1,23.0,1385,-1,-1,-1
743,742,476,217,216,216,413,100,1992,.,.,-1,24.0,1315,-1,-1,-1
743,742,477,218,218,218,413,102,1992,.,.,-1,12.0,1315,-1,-1,-1
743,742,478,219,219,219,413,104,1992,.,.,-1,13.0,1315,-1,-1,-1
743,742,479,220,219,219,413,104,1992,.,.,-1,14.0,1385,-1,-1,-1
743,742,480,221,221,221,413,106,1992,.,.,-1,6.0,1315,-1,-1,-1
743,742,481,222,222,222,413,108,1992,.,.,-1,9.0,1314,-1,-1,-1
743,742,482,223,223,223,413,110,1992,.,.,-1,46.0,1314,-1,-1,-1
743,742,483,224,224,224,413,112,1992,.,.,-1,8.0,1315,-1,-1,-1
743,742,484,225,225,225,413,114,1992,.,.,-1,13.0,1314,-1,-1,-1
743,742,485,226,226,226,413,116,1992,.,.,-1,11.0,1315,-1,-1,-1
743,742,486,227,227,227,413,121,1992,.,.,-1,8.0,1315,-1,-1,-1
743,742,487,228,228,228,413,123,1992,.,.,-1,8.0,1315,-1,-1,-1
743,742,488,229,229,229,413,125,1992,.,.,-1,43.0,1315,-1,-1,-1
743,742,489,230,229,229,413,125,1992,.,.,-1,56.0,1385,-1,-1,-1
743,742,490,231,231,231,413,127,1992,.,.,-1,7.0,1315,-1,-1,-1
743,742,491,232,232,232,413,129,1992,.,.,-1,7.0,1315,-1,-1,-1
743,742,492,233,233,233,413,131,1992,.,.,-1,25.0,1315,-1,-1,-1
743,742,493,234,233,233,413,131,1992,.,.,-1,30.0,1385,-1,-1,-1
743,742,494,235,235,235,413,133,1992,.,.,-1,3.0,1314,-1,-1,-1
743,742,495,236,236,236,413,135,1992,.,.,-1,9.0,1315,-1,-1,-1
743,742,496,237,237,237,413,137,1992,.,.,-1,19.0,1385,-1,-1,-1
743,742,497,238,237,237,413,137,1992,.,.,-1,36.0,1315,-1,-1,-1
743,742,498,239,239,239,413,139,1992,.,.,-1,3.0,1385,-1,-1,-1
743,742,499,240,239,239,413,139,1992,.,.,-1,10.0,1315,-1,-1,-1
743,742,500,241,241,241,413,141,1992,.,.,-1,16.0,1315,-1,-1,-1
743,742,501,242,241,241,413,141,1992,.,.,-1,16.0,1385,-1,-1,-1
743,742,502,243,243,243,413,143,1992,.,.,-1,12.0,1315,-1,-1,-1
743,742,503,244,244,244,413,145,1992,.,.,-1,8.0,1315,-1,-1,-1
743,742,504,245,245,245,413,147,1992,.,.,-1,49.0,1315,-1,-1,-1
743,742,505,246,245,245,413,147,1992,.,.,-1,58.0,1385,-1,-1,-1
743,742,506,247,247,247,413,149,1992,.,.,-1,5.0,1315,-1,-1,-1
743,742,507,248,248,248,413,151,1992,.,.,-1,6.0,1385,-1,-1,-1
743,742,508,249,248,248,413,151,1992,.,.,-1,17.0,1315,-1,-1,-1
743,742,509,250,250,250,413,153,1992,.,.,-1,6.0,1314,-1,-1,-1
743,742,510,251,251,251,413,673,1992,.,.,-1,6.0,1315,-1,-1,-1
743,742,511,252,252,252,413,675,1992,.,.,-1,19.0,1315,-1,-1,-1
743,742,512,253,252,252,413,675,1992,.,.,-1,20.0,1385,-1,-1,-1
743,742,513,254,254,254,413,677,1992,.,.,-1,48.0,1315,-1,-1,-1
743,742,514,255,254,254,413,677,1992,.,.,-1,51.0,1385,-1,-1,-1
743,742,515,256,256,256,413,679,1992,.,.,-1,37.0,1315,-1,-1,-1
743,742,516,257,256,256,413,679,1992,.,.,-1,46.0,1385,-1,-1,-1
743,742,517,258,258,258,413,681,1992,.,.,-1,29.0,1314,-1,-1,-1
743,742,518,259,259,259,413,683,1992,.,.,-1,30.0,1385,-1,-1,-1
743,742,519,260,259,259,413,683,1992,.,.,-1,38.0,1315,-1,-1,-1
743,742,523,264,264,264,413,689,1992,.,.,-1,11.0,1315,-1,-1,-1
743,742,520,261,261,261,413,685,1992,.,.,-1,9.0,1315,-1,-1,-1
743,742,521,262,262,262,413,687,1992,.,.,-1,26.0,1385,-1,-1,-1
743,742,522,263,262,262,413,687,1992,.,.,-1,35.0,1315,-1,-1,-1
743,742,524,265,265,265,413,703,1992,.,.,-1,41.0,1385,-1,-1,-1
743,742,525,266,265,265,413,703,1992,.,.,-1,48.0,1315,-1,-1,-1
743,742,526,267,267,267,413,705,1992,.,.,-1,8.0,1315,-1,-1,-1
743,742,527,268,268,268,413,707,1992,.,.,-1,12.0,1314,-1,-1,-1
743,742,528,269,269,269,413,709,1992,.,.,-1,15.0,1385,-1,-1,-1
743,742,529,270,269,269,413,709,1992,.,.,-1,21.0,1315,-1,-1,-1
743,742,530,271,271,271,413,711,1992,.,.,-1,42.0,1385,-1,-1,-1
743,742,531,272,271,271,413,711,1992,.,.,-1,47.0,1315,-1,-1,-1
743,742,532,273,273,273,413,713,1992,.,.,-1,8.0,1314,-1,-1,-1
743,742,533,274,274,274,413,715,1992,.,.,-1,36.0,1315,-1,-1,-1
743,742,534,275,274,274,413,715,1992,.,.,-1,37.0,1385,-1,-1,-1
743,742,535,276,276,276,413,717,1992,.,.,-1,12.0,1315,-1,-1,-1
743,742,536,277,277,277,413,719,1992,.,.,-1,12.0,1315,-1,-1,-1
743,742,537,278,278,278,413,721,1992,.,.,-1,10.0,1315,-1,-1,-1
743,742,538,279,279,279,413,723,1992,.,.,-1,13.0,1315,-1,-1,-1
743,742,539,280,280,280,413,725,1992,.,.,-1,12.0,1385,-1,-1,-1
743,742,540,281,280,280,413,725,1992,.,.,-1,16.0,1315,-1,-1,-1
743,742,541,282,282,282,413,727,1992,.,.,-1,37.0,1385,-1,-1,-1
743,742,542,283,282,282,413,727,1992,.,.,-1,41.0,1315,-1,-1,-1
743,742,543,284,284,284,413,729,1992,.,.,-1,15.0,1314,-1,-1,-1
743,742,544,285,285,285,413,731,1992,.,.,-1,9.0,1314,-1,-1,-1
743,742,545,286,286,286,413,733,1992,.,.,-1,33.0,1385,-1,-1,-1
743,742,546,287,286,286,413,733,1992,.,.,-1,39.0,1315,-1,-1,-1
743,742,547,288,288,288,413,735,1992,.,.,-1,13.0,1314,-1,-1,-1
743,742,548,289,289,289,413,737,1992,.,.,-1,41.0,1315,-1,-1,-1
743,742,549,290,289,289,413,737,1992,.,.,-1,41.0,1385,-1,-1,-1
743,742,550,291,291,291,413,739,1992,.,.,-1,9.0,1315,-1,-1,-1
743,742,551,292,292,292,413,741,1992,.,.,-1,9.0,1315,-1,-1,-1
743,742,552,293,293,293,413,1275,1992,.,.,-1,8.0,1315,-1,-1,-1
743,742,553,294,294,294,413,1277,1992,.,.,-1,17.0,1385,-1,-1,-1
743,742,554,295,294,294,413,1277,1992,.,.,-1,22.0,1315,-1,-1,-1
743,742,555,296,296,296,413,1279,1992,.,.,-1,12.0,1315,-1,-1,-1
743,742,556,297,297,297,413,1281,1992,.,.,-1,7.0,1315,-1,-1,-1
743,742,557,298,298,298,413,1283,1992,.,.,-1,31.0,1315,-1,-1,-1
743,742,558,299,298,298,413,1283,1992,.,.,-1,39.0,1385,-1,-1,-1
743,742,559,300,300,300,413,1285,1992,.,.,-1,35.0,1315,-1,-1,-1
743,742,560,301,300,300,413,1285,1992,.,.,-1,40.0,1385,-1,-1,-1
743,742,564,305,305,305,413,1291,1992,.,.,-1,8.0,1315,-1,-1,-1
743,742,561,302,302,302,413,1287,1992,.,.,-1,13.0,1315,-1,-1,-1
743,742,562,303,303,303,413,1289,1992,.,.,-1,7.0,1385,-1,-1,-1
743,742,563,304,303,303,413,1289,1992,.,.,-1,28.0,1315,-1,-1,-1
743,742,565,306,306,306,413,1293,1992,.,.,-1,10.0,1315,-1,-1,-1
743,742,566,307,307,307,413,1295,1992,.,.,-1,24.0,1314,-1,-1,-1
743,742,567,308,308,308,413,1297,1992,.,.,-1,30.0,1315,-1,-1,-1
743,742,568,309,308,308,413,1297,1992,.,.,-1,49.0,1385,-1,-1,-1
743,742,569,310,310,310,413,1299,1992,.,.,-1,33.0,1315,-1,-1,-1
743,742,570,311,310,310,413,1299,1992,.,.,-1,33.0,1385,-1,-1,-1
743,742,571,312,312,312,413,1301,1992,.,.,-1,10.0,1315,-1,-1,-1
743,742,572,313,312,312,413,1301,1992,.,.,-1,12.0,1385,-1,-1,-1
743,742,573,314,314,314,413,1303,1992,.,.,-1,11.0,1385,-1,-1,-1
743,742,574,315,314,314,413,1303,1992,.,.,-1,22.0,1315,-1,-1,-1
743,742,575,316,316,316,413,1305,1992,.,.,-1,24.0,1315,-1,-1,-1
743,742,576,317,316,316,413,1305,1992,.,.,-1,24.0,1385,-1,-1,-1
743,742,577,318,318,318,413,1307,1992,.,.,-1,14.0,1315,-1,-1,-1
743,742,578,319,318,318,413,1307,1992,.,.,-1,99.0,1314,-1,-1,-1
743,742,579,320,320,320,413,1309,1992,.,.,-1,4.0,1315,-1,-1,-1
743,742,580,321,321,321,413,1311,1992,.,.,-1,10.0,1314,-1,-1,-1
743,742,581,322,322,322,413,1313,1992,.,.,-1,21.0,1314,-1,-1,-1
743,742,582,323,323,323,413,1318,1992,.,.,-1,8.0,1315,-1,-1,-1
743,742,583,324,324,324,413,1322,1992,.,.,-1,15.0,1314,-1,-1,-1
743,742,584,325,325,325,413,1324,1992,.,.,-1,24.0,1314,-1,-1,-1
743,742,585,326,326,326,413,1326,1992,.,.,-1,57.0,1314,-1,-1,-1
743,742,586,327,327,327,413,1328,1992,.,.,-1,18.0,1314,-1,-1,-1
743,742,587,328,328,328,413,1330,1992,.,.,-1,17.0,1315,-1,-1,-1
743,742,588,329,328,328,413,1330,1992,.,.,-1,17.0,1385,-1,-1,-1
743,742,589,330,330,330,413,1332,1992,.,.,-1,7.0,1315,-1,-1,-1
743,742,590,331,331,331,413,1334,1992,.,.,-1,13.0,1315,-1,-1,-1
743,742,591,332,332,332,413,1336,1992,.,.,-1,25.0,1314,-1,-1,-1
743,742,592,333,333,333,413,1362,1992,.,.,-1,13.0,1315,-1,-1,-1
743,742,593,334,334,334,413,1364,1992,.,.,-1,11.0,1315,-1,-1,-1
743,742,594,335,335,335,413,1366,1992,.,.,-1,13.0,1315,-1,-1,-1
743,742,595,336,336,336,413,1368,1992,.,.,-1,9.0,1315,-1,-1,-1
743,742,596,337,337,337,413,1370,1992,.,.,-1,8.0,1315,-1,-1,-1
743,742,597,338,338,338,413,1372,1992,.,.,-1,19.0,1385,-1,-1,-1
743,742,598,339,338,338,413,1372,1992,.,.,-1,24.0,1315,-1,-1,-1
743,742,599,340,340,340,413,1374,1992,.,.,-1,19.0,1385,-1,-1,-1
743,742,600,341,340,340,413,1374,1992,.,.,-1,20.0,1315,-1,-1,-1
743,742,601,342,342,342,413,1387,1992,.,.,-1,12.0,1314,-1,-1,-1
743,742,602,343,343,343,413,1389,1992,.,.,-1,11.0,1385,-1,-1,-1
743,742,603,344,343,343,413,1389,1992,.,.,-1,23.0,1315,-1,-1,-1
743,742,604,345,345,345,413,1391,1992,.,.,-1,6.0,1315,-1,-1,-1
743,742,605,346,345,345,413,1391,1992,.,.,-1,84.0,1314,-1,-1,-1
743,742,606,347,347,347,413,1393,1992,.,.,-1,12.0,1314,-1,-1,-1
743,742,607,348,348,348,413,1395,1992,.,.,-1,59.0,1314,-1,-1,-1
743,742,608,349,349,349,413,1397,1992,.,.,-1,9.0,1385,-1,-1,-1
743,742,609,350,349,349,413,1397,1992,.,.,-1,17.0,1315,-1,-1,-1
743,742,610,351,351,351,413,1399,1992,.,.,-1,39.0,1315,-1,-1,-1
743,742,611,352,351,351,413,1399,1992,.,.,-1,50.0,1385,-1,-1,-1
743,742,612,353,353,353,413,1401,1992,.,.,-1,14.0,1315,-1,-1,-1
743,742,613,354,353,353,413,1401,1992,.,.,-1,21.0,1385,-1,-1,-1
743,742,614,355,355,355,413,1403,1992,.,.,-1,11.0,1315,-1,-1,-1
743,742,615,356,356,356,413,1405,1992,.,.,-1,27.0,1385,-1,-1,-1
743,742,616,357,356,356,413,1405,1992,.,.,-1,30.0,1315,-1,-1,-1
743,742,617,358,358,358,413,1407,1992,.,.,-1,13.0,1314,-1,-1,-1
743,742,618,359,359,359,413,1409,1992,.,.,-1,34.0,1315,-1,-1,-1
743,742,619,360,359,359,413,1409,1992,.,.,-1,47.0,1385,-1,-1,-1
743,742,620,361,361,361,413,1411,1992,.,.,-1,44.0,1314,-1,-1,-1
743,742,621,362,362,362,413,1413,1992,.,.,-1,4.0,1385,-1,-1,-1
743,742,622,363,362,362,413,1413,1992,.,.,-1,16.0,1315,-1,-1,-1
743,742,625,366,366,366,413,1417,1992,.,.,-1,9.0,1315,-1,-1,-1
743,742,623,364,364,364,413,1415,1992,.,.,-1,5.0,1385,-1,-1,-1
743,742,624,365,364,364,413,1415,1992,.,.,-1,14.0,1315,-1,-1,-1
743,742,626,367,367,367,413,1419,1992,.,.,-1,35.0,1385,-1,-1,-1
743,742,627,368,367,367,413,1419,1992,.,.,-1,40.0,1315,-1,-1,-1
743,742,628,369,369,369,413,1435,1992,.,.,-1,6.0,1314,-1,-1,-1
743,742,629,370,370,370,413,1437,1992,.,.,-1,5.0,1385,-1,-1,-1
743,742,630,371,371,371,413,1439,1992,.,.,-1,18.0,1314,-1,-1,-1
743,742,631,372,372,372,413,1441,1992,.,.,-1,37.0,1385,-1,-1,-1
743,742,632,373,372,372,413,1441,1992,.,.,-1,49.0,1315,-1,-1,-1
743,742,633,374,374,374,413,1443,1992,.,.,-1,27.0,1314,-1,-1,-1
743,742,634,375,375,375,413,1445,1992,.,.,-1,44.0,1314,-1,-1,-1
743,742,635,376,376,376,413,1447,1992,.,.,-1,14.0,1314,-1,-1,-1
743,742,636,377,377,377,413,1449,1992,.,.,-1,49.0,1385,-1,-1,-1
743,742,637,378,377,377,413,1449,1992,.,.,-1,51.0,1315,-1,-1,-1
743,742,638,379,379,379,413,1989,1992,.,.,-1,9.0,1385,-1,-1,-1
743,742,639,380,379,379,413,1989,1992,.,.,-1,20.0,1315,-1,-1,-1
743,742,640,381,381,381,413,1991,1992,.,.,-1,27.0,1385,-1,-1,-1
743,742,641,382,381,381,413,1991,1992,.,.,-1,42.0,1315,-1,-1,-1
743,742,642,383,383,383,413,1994,1992,.,.,-1,6.0,1385,-1,-1,-1
743,742,643,384,383,383,413,1994,1992,.,.,-1,17.0,1315,-1,-1,-1
743,742,644,385,385,385,413,1996,1992,.,.,-1,7.0,1385,-1,-1,-1
743,742,645,386,385,385,413,1996,1992,.,.,-1,8.0,1315,-1,-1,-1
743,742,646,387,387,387,413,1998,1992,.,.,-1,12.0,1314,-1,-1,-1
743,742,647,388,388,388,413,2000,1992,.,.,-1,10.0,1385,-1,-1,-1
743,742,648,389,388,388,413,2000,1992,.,.,-1,17.0,1315,-1,-1,-1
743,742,649,390,390,390,413,2002,1992,.,.,-1,8.0,1314,-1,-1,-1
743,742,650,391,391,391,413,2004,1992,.,.,-1,41.0,1315,-1,-1,-1
743,742,651,392,391,391,413,2004,1992,.,.,-1,41.0,1385,-1,-1,-1
743,742,652,393,393,393,413,2006,1992,.,.,-1,41.0,1385,-1,-1,-1
743,742,653,394,393,393,413,2006,1992,.,.,-1,50.0,1315,-1,-1,-1
743,742,654,395,395,395,413,2008,1992,.,.,-1,3.0,1315,-1,-1,-1
743,742,655,396,396,396,413,2010,1992,.,.,-1,35.0,1315,-1,-1,-1
743,742,656,397,396,396,413,2010,1992,.,.,-1,36.0,1385,-1,-1,-1
743,742,657,398,398,398,413,2012,1992,.,.,-1,10.0,1315,-1,-1,-1
743,742,658,399,399,399,413,2014,1992,.,.,-1,8.0,1315,-1,-1,-1
743,742,659,400,400,400,413,2016,1992,.,.,-1,55.0,1315,-1,-1,-1
743,742,660,401,400,400,413,2016,1992,.,.,-1,65.0,1385,-1,-1,-1
743,742,661,402,402,402,413,2018,1992,.,.,-1,45.0,1314,-1,-1,-1
743,742,662,403,403,403,413,2020,1992,.,.,-1,12.0,1315,-1,-1,-1
743,742,663,404,403,403,413,2020,1992,.,.,-1,60.0,1314,-1,-1,-1
743,742,664,405,405,405,413,2022,1992,.,.,-1,11.0,1315,-1,-1,-1
743,742,665,406,406,406,413,2024,1992,.,.,-1,6.0,1315,-1,-1,-1
743,742,666,407,407,407,413,2026,1992,.,.,-1,4.0,1315,-1,-1,-1
743,742,667,408,408,408,413,2028,1992,.,.,-1,9.0,1315,-1,-1,-1
743,742,668,409,409,409,413,2030,1992,.,.,-1,36.0,1385,-1,-1,-1
743,742,669,410,409,409,413,2030,1992,.,.,-1,39.0,1315,-1,-1,-1
743,742,670,411,411,411,413,2032,1992,.,.,-1,6.0,1385,-1,-1,-1
743,742,671,412,411,411,413,2032,1992,.,.,-1,17.0,1315,-1,-1,-1
743,742,697,691,691,691,696,153,1992,.,.,-1,10.0,1314,-1,-1,-1
743,742,698,692,692,692,696,707,1992,.,.,-1,12.0,1314,-1,-1,-1
743,742,699,693,693,693,696,1393,1992,.,.,-1,15.0,1314,-1,-1,-1
743,742,700,694,694,694,696,1407,1992,.,.,-1,4.0,1314,-1,-1,-1
743,742,701,695,695,695,696,1447,1992,.,.,-1,20.0,1314,-1,-1,-1
743,742,1004,745,745,745,1003,2,1992,.,.,-1,5.0,1314,-1,-1,-1
743,742,1005,746,746,746,1003,4,1992,.,.,-1,4.0,1314,-1,-1,-1
743,742,1006,747,747,747,1003,6,1992,.,.,-1,10.0,1315,-1,-1,-1
743,742,1007,748,748,748,1003,8,1992,.,.,-1,21.0,1385,-1,-1,-1
743,742,1008,749,748,748,1003,8,1992,.,.,-1,24.0,1315,-1,-1,-1
743,742,1009,750,750,750,1003,10,1992,.,.,-1,55.0,1315,-1,-1,-1
743,742,1010,751,750,750,1003,10,1992,.,.,-1,65.0,1385,-1,-1,-1
743,742,1011,752,752,752,1003,12,1992,.,.,-1,25.0,1314,-1,-1,-1
743,742,1012,753,753,753,1003,14,1992,.,.,-1,10.0,1315,-1,-1,-1
743,742,1013,754,754,754,1003,16,1992,.,.,-1,41.0,1385,-1,-1,-1
743,742,1014,755,754,754,1003,16,1992,.,.,-1,55.0,1315,-1,-1,-1
743,742,1015,756,756,756,1003,18,1992,.,.,-1,18.0,1314,-1,-1,-1
743,742,1016,757,757,757,1003,20,1992,.,.,-1,7.0,1314,-1,-1,-1
743,742,1017,758,758,758,1003,22,1992,.,.,-1,52.0,1315,-1,-1,-1
743,742,1018,759,758,758,1003,22,1992,.,.,-1,53.0,1385,-1,-1,-1
743,742,1019,760,760,760,1003,24,1992,.,.,-1,27.0,1385,-1,-1,-1
743,742,1020,761,760,760,1003,24,1992,.,.,-1,32.0,1315,-1,-1,-1
743,742,1021,762,762,762,1003,26,1992,.,.,-1,8.0,1315,-1,-1,-1
743,742,1022,763,763,763,1003,28,1992,.,.,-1,18.0,1385,-1,-1,-1
743,742,1023,764,763,763,1003,28,1992,.,.,-1,22.0,1315,-1,-1,-1
743,742,1024,765,765,765,1003,30,1992,.,.,-1,7.0,1385,-1,-1,-1
743,742,1025,766,765,765,1003,30,1992,.,.,-1,20.0,1315,-1,-1,-1
743,742,1026,767,767,767,1003,32,1992,.,.,-1,42.0,1385,-1,-1,-1
743,742,1027,768,767,767,1003,32,1992,.,.,-1,46.0,1315,-1,-1,-1
743,742,1028,769,769,769,1003,34,1992,.,.,-1,9.0,1385,-1,-1,-1
743,742,1029,770,769,769,1003,34,1992,.,.,-1,19.0,1315,-1,-1,-1
743,742,1031,772,772,772,1003,38,1992,.,.,-1,63.0,1315,-1,-1,-1
743,742,1032,773,772,772,1003,38,1992,.,.,-1,78.0,1385,-1,-1,-1
743,742,1030,771,771,771,1003,36,1992,.,.,-1,14.0,1315,-1,-1,-1
743,742,1033,774,774,774,1003,40,1992,.,.,-1,6.0,1315,-1,-1,-1
743,742,1034,775,775,775,1003,42,1992,.,.,-1,18.0,1315,-1,-1,-1
743,742,1035,776,775,775,1003,42,1992,.,.,-1,31.0,1385,-1,-1,-1
743,742,1036,777,777,777,1003,44,1992,.,.,-1,22.0,1385,-1,-1,-1
743,742,1037,778,777,777,1003,44,1992,.,.,-1,30.0,1315,-1,-1,-1
743,742,1038,779,779,779,1003,46,1992,.,.,-1,58.0,1315,-1,-1,-1
743,742,1039,780,779,779,1003,46,1992,.,.,-1,61.0,1385,-1,-1,-1
743,742,1040,781,781,781,1003,70,1992,.,.,-1,29.0,1315,-1,-1,-1
743,742,1041,782,781,781,1003,70,1992,.,.,-1,34.0,1385,-1,-1,-1
743,742,1042,783,783,783,1003,72,1992,.,.,-1,7.0,1315,-1,-1,-1
743,742,1043,784,784,784,1003,74,1992,.,.,-1,7.0,1315,-1,-1,-1
743,742,1044,785,785,785,1003,76,1992,.,.,-1,26.0,1315,-1,-1,-1
743,742,1045,786,785,785,1003,76,1992,.,.,-1,36.0,1385,-1,-1,-1
743,742,1046,787,787,787,1003,78,1992,.,.,-1,35.0,1315,-1,-1,-1
743,742,1047,788,787,787,1003,78,1992,.,.,-1,41.0,1385,-1,-1,-1
743,742,1048,789,789,789,1003,80,1992,.,.,-1,34.0,1315,-1,-1,-1
743,742,1049,790,789,789,1003,80,1992,.,.,-1,34.0,1385,-1,-1,-1
743,742,1050,791,791,791,1003,82,1992,.,.,-1,33.0,1385,-1,-1,-1
743,742,1051,792,791,791,1003,82,1992,.,.,-1,37.0,1315,-1,-1,-1
743,742,1052,793,793,793,1003,84,1992,.,.,-1,8.0,1315,-1,-1,-1
743,742,1053,794,794,794,1003,86,1992,.,.,-1,9.0,1315,-1,-1,-1
743,742,1054,795,795,795,1003,88,1992,.,.,-1,6.0,1385,-1,-1,-1
743,742,1055,796,795,795,1003,88,1992,.,.,-1,12.0,1315,-1,-1,-1
743,742,1056,797,797,797,1003,90,1992,.,.,-1,7.0,1315,-1,-1,-1
743,742,1057,798,797,797,1003,90,1992,.,.,-1,18.0,1314,-1,-1,-1
743,742,1058,799,799,799,1003,92,1992,.,.,-1,13.0,1385,-1,-1,-1
743,742,1059,800,799,799,1003,92,1992,.,.,-1,25.0,1315,-1,-1,-1
743,742,1060,801,801,801,1003,94,1992,.,.,-1,43.0,1315,-1,-1,-1
743,742,1061,802,801,801,1003,94,1992,.,.,-1,46.0,1385,-1,-1,-1
743,742,1062,803,803,803,1003,96,1992,.,.,-1,10.0,1315,-1,-1,-1
743,742,1063,804,804,804,1003,98,1992,.,.,-1,29.0,1315,-1,-1,-1
743,742,1064,805,804,804,1003,98,1992,.,.,-1,31.0,1385,-1,-1,-1
743,742,1065,806,806,806,1003,100,1992,.,.,-1,16.0,1385,-1,-1,-1
743,742,1066,807,806,806,1003,100,1992,.,.,-1,23.0,1315,-1,-1,-1
743,742,1067,808,808,808,1003,102,1992,.,.,-1,5.0,1315,-1,-1,-1
743,742,1068,809,809,809,1003,104,1992,.,.,-1,19.0,1385,-1,-1,-1
743,742,1069,810,809,809,1003,104,1992,.,.,-1,30.0,1315,-1,-1,-1
743,742,1070,811,811,811,1003,106,1992,.,.,-1,6.0,1315,-1,-1,-1
743,742,1071,812,812,812,1003,108,1992,.,.,-1,14.0,1314,-1,-1,-1
743,742,1072,813,813,813,1003,110,1992,.,.,-1,59.0,1314,-1,-1,-1
743,742,1073,814,814,814,1003,112,1992,.,.,-1,8.0,1315,-1,-1,-1
743,742,1074,815,815,815,1003,114,1992,.,.,-1,11.0,1314,-1,-1,-1
743,742,1075,816,816,816,1003,116,1992,.,.,-1,10.0,1315,-1,-1,-1
743,742,1076,817,817,817,1003,121,1992,.,.,-1,13.0,1315,-1,-1,-1
743,742,1077,818,818,818,1003,123,1992,.,.,-1,11.0,1315,-1,-1,-1
743,742,1078,819,819,819,1003,125,1992,.,.,-1,55.0,1385,-1,-1,-1
743,742,1079,820,819,819,1003,125,1992,.,.,-1,56.0,1315,-1,-1,-1
743,742,1080,821,821,821,1003,127,1992,.,.,-1,10.0,1315,-1,-1,-1
743,742,1081,822,822,822,1003,129,1992,.,.,-1,9.0,1315,-1,-1,-1
743,742,1082,823,823,823,1003,131,1992,.,.,-1,28.0,1315,-1,-1,-1
743,742,1083,824,823,823,1003,131,1992,.,.,-1,35.0,1385,-1,-1,-1
743,742,1084,825,825,825,1003,133,1992,.,.,-1,3.0,1314,-1,-1,-1
743,742,1085,826,826,826,1003,135,1992,.,.,-1,10.0,1315,-1,-1,-1
743,742,1086,827,827,827,1003,137,1992,.,.,-1,17.0,1385,-1,-1,-1
743,742,1087,828,827,827,1003,137,1992,.,.,-1,18.0,1315,-1,-1,-1
743,742,1088,829,829,829,1003,139,1992,.,.,-1,5.0,1385,-1,-1,-1
743,742,1089,830,829,829,1003,139,1992,.,.,-1,14.0,1315,-1,-1,-1
743,742,1090,831,831,831,1003,141,1992,.,.,-1,20.0,1315,-1,-1,-1
743,742,1091,832,831,831,1003,141,1992,.,.,-1,29.0,1385,-1,-1,-1
743,742,1092,833,833,833,1003,143,1992,.,.,-1,8.0,1315,-1,-1,-1
743,742,1093,834,834,834,1003,145,1992,.,.,-1,8.0,1315,-1,-1,-1
743,742,1094,835,835,835,1003,147,1992,.,.,-1,53.0,1385,-1,-1,-1
743,742,1095,836,835,835,1003,147,1992,.,.,-1,60.0,1315,-1,-1,-1
743,742,1096,837,837,837,1003,149,1992,.,.,-1,14.0,1315,-1,-1,-1
743,742,1097,838,838,838,1003,151,1992,.,.,-1,17.0,1385,-1,-1,-1
743,742,1098,839,838,838,1003,151,1992,.,.,-1,27.0,1315,-1,-1,-1
743,742,1099,840,840,840,1003,153,1992,.,.,-1,7.0,1314,-1,-1,-1
743,742,1100,841,841,841,1003,673,1992,.,.,-1,16.0,1315,-1,-1,-1
743,742,1101,842,842,842,1003,675,1992,.,.,-1,20.0,1385,-1,-1,-1
743,742,1102,843,842,842,1003,675,1992,.,.,-1,30.0,1315,-1,-1,-1
743,742,1103,844,844,844,1003,677,1992,.,.,-1,49.0,1315,-1,-1,-1
743,742,1104,845,844,844,1003,677,1992,.,.,-1,61.0,1385,-1,-1,-1
743,742,1105,846,846,846,1003,679,1992,.,.,-1,54.0,1315,-1,-1,-1
743,742,1106,847,846,846,1003,679,1992,.,.,-1,56.0,1385,-1,-1,-1
743,742,1107,848,848,848,1003,681,1992,.,.,-1,28.0,1314,-1,-1,-1
743,742,1108,849,849,849,1003,683,1992,.,.,-1,44.0,1385,-1,-1,-1
743,742,1109,850,849,849,1003,683,1992,.,.,-1,47.0,1315,-1,-1,-1
743,742,1113,854,854,854,1003,689,1992,.,.,-1,9.0,1315,-1,-1,-1
743,742,1110,851,851,851,1003,685,1992,.,.,-1,7.0,1315,-1,-1,-1
743,742,1111,852,852,852,1003,687,1992,.,.,-1,25.0,1385,-1,-1,-1
743,742,1112,853,852,852,1003,687,1992,.,.,-1,35.0,1315,-1,-1,-1
743,742,1114,855,855,855,1003,703,1992,.,.,-1,43.0,1315,-1,-1,-1
743,742,1115,856,855,855,1003,703,1992,.,.,-1,57.0,1385,-1,-1,-1
743,742,1116,857,857,857,1003,705,1992,.,.,-1,11.0,1315,-1,-1,-1
743,742,1117,858,858,858,1003,707,1992,.,.,-1,11.0,1314,-1,-1,-1
743,742,1118,859,859,859,1003,709,1992,.,.,-1,7.0,1385,-1,-1,-1
743,742,1119,860,859,859,1003,709,1992,.,.,-1,9.0,1315,-1,-1,-1
743,742,1120,861,861,861,1003,711,1992,.,.,-1,30.0,1315,-1,-1,-1
743,742,1121,862,861,861,1003,711,1992,.,.,-1,30.0,1385,-1,-1,-1
743,742,1122,863,863,863,1003,713,1992,.,.,-1,6.0,1314,-1,-1,-1
743,742,1123,864,864,864,1003,715,1992,.,.,-1,33.0,1385,-1,-1,-1
743,742,1124,865,864,864,1003,715,1992,.,.,-1,35.0,1315,-1,-1,-1
743,742,1125,866,866,866,1003,717,1992,.,.,-1,12.0,1315,-1,-1,-1
743,742,1126,867,867,867,1003,719,1992,.,.,-1,13.0,1315,-1,-1,-1
743,742,1127,868,868,868,1003,721,1992,.,.,-1,14.0,1315,-1,-1,-1
743,742,1128,869,869,869,1003,723,1992,.,.,-1,16.0,1315,-1,-1,-1
743,742,1129,870,870,870,1003,725,1992,.,.,-1,10.0,1385,-1,-1,-1
743,742,1130,871,870,870,1003,725,1992,.,.,-1,17.0,1315,-1,-1,-1
743,742,1131,872,872,872,1003,727,1992,.,.,-1,32.0,1385,-1,-1,-1
743,742,1132,873,872,872,1003,727,1992,.,.,-1,42.0,1315,-1,-1,-1
743,742,1133,874,874,874,1003,729,1992,.,.,-1,13.0,1314,-1,-1,-1
743,742,1134,875,875,875,1003,731,1992,.,.,-1,7.0,1314,-1,-1,-1
743,742,1135,876,876,876,1003,733,1992,.,.,-1,32.0,1385,-1,-1,-1
743,742,1136,877,876,876,1003,733,1992,.,.,-1,39.0,1315,-1,-1,-1
743,742,1137,878,878,878,1003,735,1992,.,.,-1,12.0,1314,-1,-1,-1
743,742,1138,879,879,879,1003,737,1992,.,.,-1,23.0,1315,-1,-1,-1
743,742,1139,880,879,879,1003,737,1992,.,.,-1,28.0,1385,-1,-1,-1
743,742,1140,881,881,881,1003,739,1992,.,.,-1,10.0,1315,-1,-1,-1
743,742,1141,882,882,882,1003,741,1992,.,.,-1,14.0,1315,-1,-1,-1
743,742,1142,883,883,883,1003,1275,1992,.,.,-1,7.0,1315,-1,-1,-1
743,742,1143,884,884,884,1003,1277,1992,.,.,-1,17.0,1385,-1,-1,-1
743,742,1144,885,884,884,1003,1277,1992,.,.,-1,22.0,1315,-1,-1,-1
743,742,1145,886,886,886,1003,1279,1992,.,.,-1,11.0,1315,-1,-1,-1
743,742,1146,887,887,887,1003,1281,1992,.,.,-1,7.0,1315,-1,-1,-1
743,742,1147,888,888,888,1003,1283,1992,.,.,-1,30.0,1315,-1,-1,-1
743,742,1148,889,888,888,1003,1283,1992,.,.,-1,46.0,1385,-1,-1,-1
743,742,1149,890,890,890,1003,1285,1992,.,.,-1,32.0,1385,-1,-1,-1
743,742,1150,891,890,890,1003,1285,1992,.,.,-1,38.0,1315,-1,-1,-1
743,742,1154,895,895,895,1003,1291,1992,.,.,-1,9.0,1315,-1,-1,-1
743,742,1151,892,892,892,1003,1287,1992,.,.,-1,7.0,1315,-1,-1,-1
743,742,1152,893,893,893,1003,1289,1992,.,.,-1,13.0,1385,-1,-1,-1
743,742,1153,894,893,893,1003,1289,1992,.,.,-1,20.0,1315,-1,-1,-1
743,742,1155,896,896,896,1003,1293,1992,.,.,-1,8.0,1315,-1,-1,-1
743,742,1156,897,897,897,1003,1295,1992,.,.,-1,31.0,1314,-1,-1,-1
743,742,1157,898,898,898,1003,1297,1992,.,.,-1,43.0,1315,-1,-1,-1
743,742,1158,899,898,898,1003,1297,1992,.,.,-1,46.0,1385,-1,-1,-1
743,742,1159,900,900,900,1003,1299,1992,.,.,-1,34.0,1315,-1,-1,-1
743,742,1160,901,900,900,1003,1299,1992,.,.,-1,41.0,1385,-1,-1,-1
743,742,1161,902,902,902,1003,1301,1992,.,.,-1,12.0,1385,-1,-1,-1
743,742,1162,903,902,902,1003,1301,1992,.,.,-1,20.0,1315,-1,-1,-1
743,742,1163,904,904,904,1003,1303,1992,.,.,-1,7.0,1385,-1,-1,-1
743,742,1164,905,904,904,1003,1303,1992,.,.,-1,14.0,1315,-1,-1,-1
743,742,1165,906,906,906,1003,1305,1992,.,.,-1,21.0,1385,-1,-1,-1
743,742,1166,907,906,906,1003,1305,1992,.,.,-1,26.0,1315,-1,-1,-1
743,742,1167,908,908,908,1003,1307,1992,.,.,-1,40.0,1385,-1,-1,-1
743,742,1168,909,908,908,1003,1307,1992,.,.,-1,43.0,1315,-1,-1,-1
743,742,1169,910,910,910,1003,1309,1992,.,.,-1,3.0,1315,-1,-1,-1
743,742,1170,911,911,911,1003,1311,1992,.,.,-1,9.0,1314,-1,-1,-1
743,742,1171,912,912,912,1003,1313,1992,.,.,-1,28.0,1314,-1,-1,-1
743,742,1172,913,913,913,1003,1318,1992,.,.,-1,12.0,1315,-1,-1,-1
743,742,1173,914,914,914,1003,1322,1992,.,.,-1,13.0,1314,-1,-1,-1
743,742,1174,915,915,915,1003,1324,1992,.,.,-1,27.0,1314,-1,-1,-1
743,742,1175,916,916,916,1003,1326,1992,.,.,-1,55.0,1314,-1,-1,-1
743,742,1176,917,917,917,1003,1328,1992,.,.,-1,10.0,1314,-1,-1,-1
743,742,1177,918,918,918,1003,1330,1992,.,.,-1,10.0,1385,-1,-1,-1
743,742,1178,919,918,918,1003,1330,1992,.,.,-1,19.0,1315,-1,-1,-1
743,742,1179,920,920,920,1003,1332,1992,.,.,-1,12.0,1315,-1,-1,-1
743,742,1180,921,921,921,1003,1334,1992,.,.,-1,5.0,1315,-1,-1,-1
743,742,1181,922,922,922,1003,1336,1992,.,.,-1,29.0,1314,-1,-1,-1
743,742,1182,923,923,923,1003,1362,1992,.,.,-1,14.0,1315,-1,-1,-1
743,742,1183,924,924,924,1003,1364,1992,.,.,-1,7.0,1315,-1,-1,-1
743,742,1184,925,925,925,1003,1366,1992,.,.,-1,7.0,1315,-1,-1,-1
743,742,1185,926,926,926,1003,1368,1992,.,.,-1,15.0,1315,-1,-1,-1
743,742,1186,927,927,927,1003,1370,1992,.,.,-1,10.0,1315,-1,-1,-1
743,742,1187,928,928,928,1003,1372,1992,.,.,-1,14.0,1385,-1,-1,-1
743,742,1188,929,928,928,1003,1372,1992,.,.,-1,26.0,1315,-1,-1,-1
743,742,1189,930,930,930,1003,1374,1992,.,.,-1,17.0,1385,-1,-1,-1
743,742,1190,931,930,930,1003,1374,1992,.,.,-1,24.0,1315,-1,-1,-1
743,742,1191,932,932,932,1003,1387,1992,.,.,-1,16.0,1314,-1,-1,-1
743,742,1192,933,933,933,1003,1389,1992,.,.,-1,6.0,1385,-1,-1,-1
743,742,1193,934,933,933,1003,1389,1992,.,.,-1,16.0,1315,-1,-1,-1
743,742,1194,935,935,935,1003,1391,1992,.,.,-1,53.0,1385,-1,-1,-1
743,742,1195,936,935,935,1003,1391,1992,.,.,-1,57.0,1315,-1,-1,-1
743,742,1196,937,937,937,1003,1393,1992,.,.,-1,10.0,1314,-1,-1,-1
743,742,1197,938,938,938,1003,1395,1992,.,.,-1,57.0,1314,-1,-1,-1
743,742,1198,939,939,939,1003,1397,1992,.,.,-1,10.0,1385,-1,-1,-1
743,742,1199,940,939,939,1003,1397,1992,.,.,-1,17.0,1315,-1,-1,-1
743,742,1200,941,941,941,1003,1399,1992,.,.,-1,50.0,1315,-1,-1,-1
743,742,1201,942,941,941,1003,1399,1992,.,.,-1,66.0,1385,-1,-1,-1
743,742,1202,943,943,943,1003,1401,1992,.,.,-1,28.0,1315,-1,-1,-1
743,742,1203,944,943,943,1003,1401,1992,.,.,-1,30.0,1385,-1,-1,-1
743,742,1204,945,945,945,1003,1403,1992,.,.,-1,7.0,1315,-1,-1,-1
743,742,1205,946,946,946,1003,1405,1992,.,.,-1,35.0,1385,-1,-1,-1
743,742,1206,947,946,946,1003,1405,1992,.,.,-1,39.0,1315,-1,-1,-1
743,742,1207,948,948,948,1003,1407,1992,.,.,-1,18.0,1314,-1,-1,-1
743,742,1208,949,949,949,1003,1409,1992,.,.,-1,47.0,1385,-1,-1,-1
743,742,1209,950,949,949,1003,1409,1992,.,.,-1,52.0,1315,-1,-1,-1
743,742,1210,951,951,951,1003,1411,1992,.,.,-1,44.0,1314,-1,-1,-1
743,742,1211,952,952,952,1003,1413,1992,.,.,-1,8.0,1385,-1,-1,-1
743,742,1212,953,952,952,1003,1413,1992,.,.,-1,12.0,1315,-1,-1,-1
743,742,1215,956,956,956,1003,1417,1992,.,.,-1,9.0,1315,-1,-1,-1
743,742,1213,954,954,954,1003,1415,1992,.,.,-1,13.0,1315,-1,-1,-1
743,742,1214,955,954,954,1003,1415,1992,.,.,-1,14.0,1385,-1,-1,-1
743,742,1216,957,957,957,1003,1419,1992,.,.,-1,35.0,1385,-1,-1,-1
743,742,1217,958,957,957,1003,1419,1992,.,.,-1,38.0,1315,-1,-1,-1
743,742,1218,959,959,959,1003,1435,1992,.,.,-1,9.0,1314,-1,-1,-1
743,742,1219,960,960,960,1003,1437,1992,.,.,-1,7.0,1385,-1,-1,-1
743,742,1220,961,961,961,1003,1439,1992,.,.,-1,22.0,1314,-1,-1,-1
743,742,1221,962,962,962,1003,1441,1992,.,.,-1,31.0,1385,-1,-1,-1
743,742,1222,963,962,962,1003,1441,1992,.,.,-1,33.0,1315,-1,-1,-1
743,742,1223,964,964,964,1003,1443,1992,.,.,-1,33.0,1314,-1,-1,-1
743,742,1224,965,965,965,1003,1445,1992,.,.,-1,47.0,1314,-1,-1,-1
743,742,1225,966,966,966,1003,1447,1992,.,.,-1,16.0,1314,-1,-1,-1
743,742,1226,967,967,967,1003,1449,1992,.,.,-1,48.0,1315,-1,-1,-1
743,742,1227,968,967,967,1003,1449,1992,.,.,-1,49.0,1385,-1,-1,-1
743,742,1228,969,969,969,1003,1989,1992,.,.,-1,9.0,1385,-1,-1,-1
743,742,1229,970,969,969,1003,1989,1992,.,.,-1,24.0,1315,-1,-1,-1
743,742,1230,971,971,971,1003,1991,1992,.,.,-1,39.0,1385,-1,-1,-1
743,742,1231,972,971,971,1003,1991,1992,.,.,-1,44.0,1315,-1,-1,-1
743,742,1232,973,973,973,1003,1994,1992,.,.,-1,16.0,1315,-1,-1,-1
743,742,1233,974,973,973,1003,1994,1992,.,.,-1,17.0,1385,-1,-1,-1
743,742,1234,975,975,975,1003,1996,1992,.,.,-1,6.0,1385,-1,-1,-1
743,742,1235,976,975,975,1003,1996,1992,.,.,-1,18.0,1315,-1,-1,-1
743,742,1236,977,977,977,1003,1998,1992,.,.,-1,16.0,1314,-1,-1,-1
743,742,1237,978,978,978,1003,2000,1992,.,.,-1,7.0,1385,-1,-1,-1
743,742,1238,979,978,978,1003,2000,1992,.,.,-1,20.0,1315,-1,-1,-1
743,742,1239,980,980,980,1003,2002,1992,.,.,-1,10.0,1314,-1,-1,-1
743,742,1240,981,981,981,1003,2004,1992,.,.,-1,30.0,1315,-1,-1,-1
743,742,1241,982,981,981,1003,2004,1992,.,.,-1,33.0,1385,-1,-1,-1
743,742,1242,983,983,983,1003,2006,1992,.,.,-1,29.0,1385,-1,-1,-1
743,742,1243,984,983,983,1003,2006,1992,.,.,-1,31.0,1315,-1,-1,-1
743,742,1244,985,985,985,1003,2008,1992,.,.,-1,15.0,1315,-1,-1,-1
743,742,1245,986,986,986,1003,2010,1992,.,.,-1,30.0,1315,-1,-1,-1
743,742,1246,987,986,986,1003,2010,1992,.,.,-1,30.0,1385,-1,-1,-1
743,742,1247,988,988,988,1003,2012,1992,.,.,-1,12.0,1315,-1,-1,-1
743,742,1248,989,989,989,1003,2014,1992,.,.,-1,13.0,1315,-1,-1,-1
743,742,1249,990,990,990,1003,2016,1992,.,.,-1,46.0,1385,-1,-1,-1
743,742,1250,991,990,990,1003,2016,1992,.,.,-1,60.0,1315,-1,-1,-1
743,742,1251,992,992,992,1003,2018,1992,.,.,-1,38.0,1314,-1,-1,-1
743,742,1252,993,993,993,1003,2020,1992,.,.,-1,43.0,1385,-1,-1,-1
743,742,1253,994,993,993,1003,2020,1992,.,.,-1,54.0,1315,-1,-1,-1
743,742,1254,995,995,995,1003,2022,1992,.,.,-1,4.0,1315,-1,-1,-1
743,742,1255,996,996,996,1003,2024,1992,.,.,-1,12.0,1315,-1,-1,-1
743,742,1256,997,997,997,1003,2026,1992,.,.,-1,6.0,1315,-1,-1,-1
743,742,1257,998,998,998,1003,2028,1992,.,.,-1,19.0,1315,-1,-1,-1
743,742,1258,999,999,999,1003,2030,1992,.,.,-1,43.0,1315,-1,-1,-1
743,742,1259,1000,999,999,1003,2030,1992,.,.,-1,48.0,1385,-1,-1,-1
743,742,1260,1001,1001,1001,1003,2032,1992,.,.,-1,6.0,1385,-1,-1,-1
743,742,1261,1002,1001,1001,1003,2032,1992,.,.,-1,9.0,1315,-1,-1,-1
743,742,1269,1263,1263,1263,1268,2,1992,.,.,-1,2.0,1314,-1,-1,-1
743,742,1270,1264,1264,1264,1268,110,1992,.,.,-1,26.0,1314,-1,-1,-1
743,742,1271,1265,1265,1265,1268,114,1992,.,.,-1,9.0,1314,-1,-1,-1
743,742,1272,1266,1266,1266,1268,1443,1992,.,.,-1,23.0,1314,-1,-1,-1
743,742,1273,1267,1267,1267,1268,2002,1992,.,.,-1,4.0,1314,-1,-1,-1
743,742,1350,1338,1338,1338,1349,729,1992,.,.,-1,11.0,1314,-1,-1,-1
743,742,1351,1339,1339,1339,1349,731,1992,.,.,-1,8.0,1314,-1,-1,-1
743,742,1352,1340,1340,1340,1349,1307,1992,.,.,-1,25.0,1314,-1,-1,-1
743,742,1353,1341,1341,1341,1349,1313,1992,.,.,-1,11.0,1314,-1,-1,-1
743,742,1354,1342,1342,1342,1349,1322,1992,.,.,-1,14.0,1314,-1,-1,-1
743,742,1355,1343,1343,1343,1349,1324,1992,.,.,-1,17.0,1314,-1,-1,-1
743,742,1356,1344,1344,1344,1349,1336,1992,.,.,-1,17.0,1314,-1,-1,-1
743,742,1357,1345,1345,1345,1349,1387,1992,.,.,-1,11.0,1314,-1,-1,-1
743,742,1358,1346,1346,1346,1349,1395,1992,.,.,-1,42.0,1314,-1,-1,-1
743,742,1359,1347,1347,1347,1349,1439,1992,.,.,-1,17.0,1314,-1,-1,-1
743,742,1360,1348,1348,1348,1349,2020,1992,.,.,-1,8.0,1314,-1,-1,-1
743,742,1381,1376,1376,1376,1380,735,1992,.,.,-1,8.0,1314,-1,-1,-1
743,742,1382,1377,1377,1377,1380,1326,1992,.,.,-1,28.0,1314,-1,-1,-1
743,742,1383,1378,1378,1378,1380,1435,1992,.,.,-1,8.0,1314,-1,-1,-1
743,742,1384,1379,1379,1379,1380,2018,1992,.,.,-1,25.0,1314,-1,-1,-1
743,742,1428,1421,1421,1421,1427,12,1992,.,.,-1,24.0,1314,-1,-1,-1
743,742,1429,1422,1422,1422,1427,20,1992,.,.,-1,4.0,1314,-1,-1,-1
743,742,1430,1423,1423,1423,1427,681,1992,.,.,-1,18.0,1314,-1,-1,-1
743,742,1431,1424,1424,1424,1427,713,1992,.,.,-1,9.0,1314,-1,-1,-1
743,742,1432,1425,1425,1425,1427,1391,1992,.,.,-1,27.0,1314,-1,-1,-1
743,742,1433,1426,1426,1426,1427,1445,1992,.,.,-1,33.0,1314,-1,-1,-1
743,742,1720,1451,1451,1451,1719,2,1992,.,.,-1,10.0,1314,-1,-1,-1
743,742,1721,1452,1452,1452,1719,4,1992,.,.,-1,6.0,1314,-1,-1,-1
743,742,1722,1453,1453,1453,1719,6,1992,.,.,-1,11.0,1315,-1,-1,-1
743,742,1723,1454,1454,1454,1719,8,1992,.,.,-1,33.0,1315,-1,-1,-1
743,742,1724,1455,1454,1454,1719,8,1992,.,.,-1,35.0,1385,-1,-1,-1
743,742,1725,1456,1456,1456,1719,10,1992,.,.,-1,38.0,1315,-1,-1,-1
743,742,1726,1457,1456,1456,1719,10,1992,.,.,-1,51.0,1385,-1,-1,-1
743,742,1727,1458,1458,1458,1719,12,1992,.,.,-1,37.0,1314,-1,-1,-1
743,742,1728,1459,1459,1459,1719,14,1992,.,.,-1,7.0,1315,-1,-1,-1
743,742,1729,1460,1460,1460,1719,16,1992,.,.,-1,54.0,1315,-1,-1,-1
743,742,1730,1461,1460,1460,1719,16,1992,.,.,-1,55.0,1385,-1,-1,-1
743,742,1731,1462,1462,1462,1719,18,1992,.,.,-1,15.0,1314,-1,-1,-1
743,742,1732,1463,1463,1463,1719,20,1992,.,.,-1,9.0,1314,-1,-1,-1
743,742,1733,1464,1464,1464,1719,22,1992,.,.,-1,53.0,1315,-1,-1,-1
743,742,1734,1465,1464,1464,1719,22,1992,.,.,-1,63.0,1385,-1,-1,-1
743,742,1735,1466,1466,1466,1719,24,1992,.,.,-1,29.0,1385,-1,-1,-1
743,742,1736,1467,1466,1466,1719,24,1992,.,.,-1,32.0,1315,-1,-1,-1
743,742,1737,1468,1468,1468,1719,26,1992,.,.,-1,11.0,1315,-1,-1,-1
743,742,1738,1469,1469,1469,1719,28,1992,.,.,-1,18.0,1385,-1,-1,-1
743,742,1739,1470,1469,1469,1719,28,1992,.,.,-1,25.0,1315,-1,-1,-1
743,742,1740,1471,1471,1471,1719,30,1992,.,.,-1,9.0,1385,-1,-1,-1
743,742,1741,1472,1471,1471,1719,30,1992,.,.,-1,16.0,1315,-1,-1,-1
743,742,1742,1473,1473,1473,1719,32,1992,.,.,-1,41.0,1315,-1,-1,-1
743,742,1743,1474,1473,1473,1719,32,1992,.,.,-1,43.0,1385,-1,-1,-1
743,742,1744,1475,1475,1475,1719,34,1992,.,.,-1,14.0,1385,-1,-1,-1
743,742,1745,1476,1475,1475,1719,34,1992,.,.,-1,33.0,1315,-1,-1,-1
743,742,1747,1478,1478,1478,1719,38,1992,.,.,-1,63.0,1315,-1,-1,-1
743,742,1748,1479,1478,1478,1719,38,1992,.,.,-1,67.0,1385,-1,-1,-1
743,742,1746,1477,1477,1477,1719,36,1992,.,.,-1,8.0,1315,-1,-1,-1
743,742,1749,1480,1480,1480,1719,40,1992,.,.,-1,13.0,1315,-1,-1,-1
743,742,1750,1481,1481,1481,1719,42,1992,.,.,-1,32.0,1385,-1,-1,-1
743,742,1751,1482,1481,1481,1719,42,1992,.,.,-1,35.0,1315,-1,-1,-1
743,742,1752,1483,1483,1483,1719,44,1992,.,.,-1,10.0,1385,-1,-1,-1
743,742,1753,1484,1483,1483,1719,44,1992,.,.,-1,17.0,1315,-1,-1,-1
743,742,1754,1485,1485,1485,1719,46,1992,.,.,-1,44.0,1315,-1,-1,-1
743,742,1755,1486,1485,1485,1719,46,1992,.,.,-1,54.0,1385,-1,-1,-1
743,742,1756,1487,1487,1487,1719,70,1992,.,.,-1,30.0,1315,-1,-1,-1
743,742,1757,1488,1487,1487,1719,70,1992,.,.,-1,32.0,1385,-1,-1,-1
743,742,1758,1489,1489,1489,1719,72,1992,.,.,-1,12.0,1315,-1,-1,-1
743,742,1759,1490,1490,1490,1719,74,1992,.,.,-1,11.0,1315,-1,-1,-1
743,742,1760,1491,1491,1491,1719,76,1992,.,.,-1,35.0,1315,-1,-1,-1
743,742,1761,1492,1491,1491,1719,76,1992,.,.,-1,43.0,1385,-1,-1,-1
743,742,1762,1493,1493,1493,1719,78,1992,.,.,-1,28.0,1385,-1,-1,-1
743,742,1763,1494,1493,1493,1719,78,1992,.,.,-1,29.0,1315,-1,-1,-1
743,742,1764,1495,1495,1495,1719,80,1992,.,.,-1,28.0,1385,-1,-1,-1
743,742,1765,1496,1495,1495,1719,80,1992,.,.,-1,40.0,1315,-1,-1,-1
743,742,1766,1497,1497,1497,1719,82,1992,.,.,-1,33.0,1385,-1,-1,-1
743,742,1767,1498,1497,1497,1719,82,1992,.,.,-1,37.0,1315,-1,-1,-1
743,742,1768,1499,1499,1499,1719,84,1992,.,.,-1,8.0,1315,-1,-1,-1
743,742,1769,1500,1500,1500,1719,86,1992,.,.,-1,14.0,1315,-1,-1,-1
743,742,1770,1501,1501,1501,1719,88,1992,.,.,-1,5.0,1385,-1,-1,-1
743,742,1771,1502,1501,1501,1719,88,1992,.,.,-1,18.0,1315,-1,-1,-1
743,742,1772,1503,1503,1503,1719,90,1992,.,.,-1,8.0,1315,-1,-1,-1
743,742,1773,1504,1503,1503,1719,90,1992,.,.,-1,20.0,1314,-1,-1,-1
743,742,1774,1505,1505,1505,1719,92,1992,.,.,-1,19.0,1385,-1,-1,-1
743,742,1775,1506,1505,1505,1719,92,1992,.,.,-1,30.0,1315,-1,-1,-1
743,742,1776,1507,1507,1507,1719,94,1992,.,.,-1,48.0,1315,-1,-1,-1
743,742,1777,1508,1507,1507,1719,94,1992,.,.,-1,50.0,1385,-1,-1,-1
743,742,1778,1509,1509,1509,1719,96,1992,.,.,-1,18.0,1315,-1,-1,-1
743,742,1779,1510,1510,1510,1719,98,1992,.,.,-1,35.0,1315,-1,-1,-1
743,742,1780,1511,1510,1510,1719,98,1992,.,.,-1,35.0,1385,-1,-1,-1
743,742,1781,1512,1512,1512,1719,100,1992,.,.,-1,25.0,1315,-1,-1,-1
743,742,1782,1513,1512,1512,1719,100,1992,.,.,-1,25.0,1385,-1,-1,-1
743,742,1783,1514,1514,1514,1719,102,1992,.,.,-1,8.0,1315,-1,-1,-1
743,742,1784,1515,1515,1515,1719,104,1992,.,.,-1,15.0,1385,-1,-1,-1
743,742,1785,1516,1515,1515,1719,104,1992,.,.,-1,20.0,1315,-1,-1,-1
743,742,1786,1517,1517,1517,1719,106,1992,.,.,-1,12.0,1315,-1,-1,-1
743,742,1787,1518,1518,1518,1719,108,1992,.,.,-1,16.0,1314,-1,-1,-1
743,742,1788,1519,1519,1519,1719,110,1992,.,.,-1,58.0,1314,-1,-1,-1
743,742,1789,1520,1520,1520,1719,112,1992,.,.,-1,17.0,1315,-1,-1,-1
743,742,1790,1521,1521,1521,1719,114,1992,.,.,-1,11.0,1314,-1,-1,-1
743,742,1791,1522,1522,1522,1719,116,1992,.,.,-1,17.0,1315,-1,-1,-1
743,742,1792,1523,1523,1523,1719,121,1992,.,.,-1,14.0,1315,-1,-1,-1
743,742,1793,1524,1524,1524,1719,123,1992,.,.,-1,9.0,1315,-1,-1,-1
743,742,1794,1525,1525,1525,1719,125,1992,.,.,-1,47.0,1315,-1,-1,-1
743,742,1795,1526,1525,1525,1719,125,1992,.,.,-1,53.0,1385,-1,-1,-1
743,742,1796,1527,1527,1527,1719,127,1992,.,.,-1,15.0,1315,-1,-1,-1
743,742,1797,1528,1528,1528,1719,129,1992,.,.,-1,8.0,1315,-1,-1,-1
743,742,1798,1529,1529,1529,1719,131,1992,.,.,-1,24.0,1385,-1,-1,-1
743,742,1799,1530,1529,1529,1719,131,1992,.,.,-1,30.0,1315,-1,-1,-1
743,742,1800,1531,1531,1531,1719,133,1992,.,.,-1,6.0,1314,-1,-1,-1
743,742,1801,1532,1532,1532,1719,135,1992,.,.,-1,15.0,1315,-1,-1,-1
743,742,1802,1533,1533,1533,1719,137,1992,.,.,-1,17.0,1385,-1,-1,-1
743,742,1803,1534,1533,1533,1719,137,1992,.,.,-1,21.0,1315,-1,-1,-1
743,742,1804,1535,1535,1535,1719,139,1992,.,.,-1,8.0,1385,-1,-1,-1
743,742,1805,1536,1535,1535,1719,139,1992,.,.,-1,10.0,1315,-1,-1,-1
743,742,1806,1537,1537,1537,1719,141,1992,.,.,-1,21.0,1315,-1,-1,-1
743,742,1807,1538,1537,1537,1719,141,1992,.,.,-1,23.0,1385,-1,-1,-1
743,742,1808,1539,1539,1539,1719,143,1992,.,.,-1,8.0,1315,-1,-1,-1
743,742,1809,1540,1540,1540,1719,145,1992,.,.,-1,14.0,1315,-1,-1,-1
743,742,1810,1541,1541,1541,1719,147,1992,.,.,-1,51.0,1315,-1,-1,-1
743,742,1811,1542,1541,1541,1719,147,1992,.,.,-1,56.0,1385,-1,-1,-1
743,742,1812,1543,1543,1543,1719,149,1992,.,.,-1,13.0,1315,-1,-1,-1
743,742,1813,1544,1544,1544,1719,151,1992,.,.,-1,10.0,1385,-1,-1,-1
743,742,1814,1545,1544,1544,1719,151,1992,.,.,-1,24.0,1315,-1,-1,-1
743,742,1815,1546,1546,1546,1719,153,1992,.,.,-1,10.0,1314,-1,-1,-1
743,742,1816,1547,1547,1547,1719,673,1992,.,.,-1,19.0,1315,-1,-1,-1
743,742,1817,1548,1548,1548,1719,675,1992,.,.,-1,30.0,1315,-1,-1,-1
743,742,1818,1549,1548,1548,1719,675,1992,.,.,-1,33.0,1385,-1,-1,-1
743,742,1819,1550,1550,1550,1719,677,1992,.,.,-1,36.0,1315,-1,-1,-1
743,742,1820,1551,1550,1550,1719,677,1992,.,.,-1,55.0,1385,-1,-1,-1
743,742,1821,1552,1552,1552,1719,679,1992,.,.,-1,57.0,1315,-1,-1,-1
743,742,1822,1553,1552,1552,1719,679,1992,.,.,-1,62.0,1385,-1,-1,-1
743,742,1823,1554,1554,1554,1719,681,1992,.,.,-1,26.0,1314,-1,-1,-1
743,742,1824,1555,1555,1555,1719,683,1992,.,.,-1,45.0,1315,-1,-1,-1
743,742,1825,1556,1555,1555,1719,683,1992,.,.,-1,50.0,1385,-1,-1,-1
743,742,1829,1560,1560,1560,1719,689,1992,.,.,-1,14.0,1315,-1,-1,-1
743,742,1826,1557,1557,1557,1719,685,1992,.,.,-1,7.0,1315,-1,-1,-1
743,742,1827,1558,1558,1558,1719,687,1992,.,.,-1,30.0,1315,-1,-1,-1
743,742,1828,1559,1558,1558,1719,687,1992,.,.,-1,33.0,1385,-1,-1,-1
743,742,1830,1561,1561,1561,1719,703,1992,.,.,-1,31.0,1315,-1,-1,-1
743,742,1831,1562,1561,1561,1719,703,1992,.,.,-1,33.0,1385,-1,-1,-1
743,742,1832,1563,1563,1563,1719,705,1992,.,.,-1,6.0,1315,-1,-1,-1
743,742,1833,1564,1564,1564,1719,707,1992,.,.,-1,12.0,1314,-1,-1,-1
743,742,1834,1565,1565,1565,1719,709,1992,.,.,-1,11.0,1385,-1,-1,-1
743,742,1835,1566,1565,1565,1719,709,1992,.,.,-1,14.0,1315,-1,-1,-1
743,742,1836,1567,1567,1567,1719,711,1992,.,.,-1,45.0,1315,-1,-1,-1
743,742,1837,1568,1567,1567,1719,711,1992,.,.,-1,47.0,1385,-1,-1,-1
743,742,1838,1569,1569,1569,1719,713,1992,.,.,-1,12.0,1314,-1,-1,-1
743,742,1839,1570,1570,1570,1719,715,1992,.,.,-1,24.0,1385,-1,-1,-1
743,742,1840,1571,1570,1570,1719,715,1992,.,.,-1,25.0,1315,-1,-1,-1
743,742,1841,1572,1572,1572,1719,717,1992,.,.,-1,11.0,1315,-1,-1,-1
743,742,1842,1573,1573,1573,1719,719,1992,.,.,-1,7.0,1315,-1,-1,-1
743,742,1843,1574,1574,1574,1719,721,1992,.,.,-1,11.0,1315,-1,-1,-1
743,742,1844,1575,1575,1575,1719,723,1992,.,.,-1,11.0,1315,-1,-1,-1
743,742,1845,1576,1576,1576,1719,725,1992,.,.,-1,9.0,1385,-1,-1,-1
743,742,1846,1577,1576,1576,1719,725,1992,.,.,-1,27.0,1315,-1,-1,-1
743,742,1847,1578,1578,1578,1719,727,1992,.,.,-1,29.0,1385,-1,-1,-1
743,742,1848,1579,1578,1578,1719,727,1992,.,.,-1,33.0,1315,-1,-1,-1
743,742,1849,1580,1580,1580,1719,729,1992,.,.,-1,17.0,1314,-1,-1,-1
743,742,1850,1581,1581,1581,1719,731,1992,.,.,-1,7.0,1314,-1,-1,-1
743,742,1851,1582,1582,1582,1719,733,1992,.,.,-1,41.0,1385,-1,-1,-1
743,742,1852,1583,1582,1582,1719,733,1992,.,.,-1,48.0,1315,-1,-1,-1
743,742,1853,1584,1584,1584,1719,735,1992,.,.,-1,13.0,1314,-1,-1,-1
743,742,1854,1585,1585,1585,1719,737,1992,.,.,-1,36.0,1315,-1,-1,-1
743,742,1855,1586,1585,1585,1719,737,1992,.,.,-1,41.0,1385,-1,-1,-1
743,742,1856,1587,1587,1587,1719,739,1992,.,.,-1,12.0,1315,-1,-1,-1
743,742,1857,1588,1588,1588,1719,741,1992,.,.,-1,9.0,1315,-1,-1,-1
743,742,1858,1589,1589,1589,1719,1275,1992,.,.,-1,16.0,1315,-1,-1,-1
743,742,1859,1590,1590,1590,1719,1277,1992,.,.,-1,11.0,1385,-1,-1,-1
743,742,1860,1591,1590,1590,1719,1277,1992,.,.,-1,15.0,1315,-1,-1,-1
743,742,1861,1592,1592,1592,1719,1279,1992,.,.,-1,9.0,1315,-1,-1,-1
743,742,1862,1593,1593,1593,1719,1281,1992,.,.,-1,13.0,1315,-1,-1,-1
743,742,1863,1594,1594,1594,1719,1283,1992,.,.,-1,49.0,1315,-1,-1,-1
743,742,1864,1595,1594,1594,1719,1283,1992,.,.,-1,50.0,1385,-1,-1,-1
743,742,1865,1596,1596,1596,1719,1285,1992,.,.,-1,28.0,1385,-1,-1,-1
743,742,1866,1597,1596,1596,1719,1285,1992,.,.,-1,34.0,1315,-1,-1,-1
743,742,1870,1601,1601,1601,1719,1291,1992,.,.,-1,8.0,1315,-1,-1,-1
743,742,1867,1598,1598,1598,1719,1287,1992,.,.,-1,9.0,1315,-1,-1,-1
743,742,1868,1599,1599,1599,1719,1289,1992,.,.,-1,8.0,1385,-1,-1,-1
743,742,1869,1600,1599,1599,1719,1289,1992,.,.,-1,18.0,1315,-1,-1,-1
743,742,1871,1602,1602,1602,1719,1293,1992,.,.,-1,8.0,1315,-1,-1,-1
743,742,1872,1603,1603,1603,1719,1295,1992,.,.,-1,28.0,1314,-1,-1,-1
743,742,1873,1604,1604,1604,1719,1297,1992,.,.,-1,26.0,1315,-1,-1,-1
743,742,1874,1605,1604,1604,1719,1297,1992,.,.,-1,40.0,1385,-1,-1,-1
743,742,1875,1606,1606,1606,1719,1299,1992,.,.,-1,34.0,1315,-1,-1,-1
743,742,1876,1607,1606,1606,1719,1299,1992,.,.,-1,37.0,1385,-1,-1,-1
743,742,1877,1608,1608,1608,1719,1301,1992,.,.,-1,15.0,1385,-1,-1,-1
743,742,1878,1609,1608,1608,1719,1301,1992,.,.,-1,28.0,1315,-1,-1,-1
743,742,1879,1610,1610,1610,1719,1303,1992,.,.,-1,7.0,1385,-1,-1,-1
743,742,1880,1611,1610,1610,1719,1303,1992,.,.,-1,13.0,1315,-1,-1,-1
743,742,1881,1612,1612,1612,1719,1305,1992,.,.,-1,21.0,1315,-1,-1,-1
743,742,1882,1613,1612,1612,1719,1305,1992,.,.,-1,23.0,1385,-1,-1,-1
743,742,1883,1614,1614,1614,1719,1307,1992,.,.,-1,44.0,1385,-1,-1,-1
743,742,1884,1615,1614,1614,1719,1307,1992,.,.,-1,53.0,1315,-1,-1,-1
743,742,1885,1616,1616,1616,1719,1309,1992,.,.,-1,12.0,1315,-1,-1,-1
743,742,1886,1617,1617,1617,1719,1311,1992,.,.,-1,6.0,1314,-1,-1,-1
743,742,1887,1618,1617,1617,1719,1311,1992,.,.,-1,12.0,1385,-1,-1,-1
743,742,1888,1619,1617,1617,1719,1311,1992,.,.,-1,21.0,1315,-1,-1,-1
743,742,1889,1620,1620,1620,1719,1313,1992,.,.,-1,21.0,1314,-1,-1,-1
743,742,1890,1621,1621,1621,1719,1318,1992,.,.,-1,9.0,1315,-1,-1,-1
743,742,1891,1622,1622,1622,1719,1322,1992,.,.,-1,11.0,1314,-1,-1,-1
743,742,1892,1623,1623,1623,1719,1324,1992,.,.,-1,26.0,1315,-1,-1,-1
743,742,1893,1624,1623,1623,1719,1324,1992,.,.,-1,27.0,1314,-1,-1,-1
743,742,1894,1625,1623,1623,1719,1324,1992,.,.,-1,28.0,1385,-1,-1,-1
743,742,1895,1626,1626,1626,1719,1326,1992,.,.,-1,50.0,1314,-1,-1,-1
743,742,1896,1627,1627,1627,1719,1328,1992,.,.,-1,5.0,1315,-1,-1,-1
743,742,1897,1628,1627,1627,1719,1328,1992,.,.,-1,5.0,1385,-1,-1,-1
743,742,1898,1629,1627,1627,1719,1328,1992,.,.,-1,7.0,1314,-1,-1,-1
743,742,1899,1630,1630,1630,1719,1330,1992,.,.,-1,13.0,1315,-1,-1,-1
743,742,1900,1631,1630,1630,1719,1330,1992,.,.,-1,14.0,1385,-1,-1,-1
743,742,1901,1632,1632,1632,1719,1332,1992,.,.,-1,8.0,1315,-1,-1,-1
743,742,1902,1633,1633,1633,1719,1334,1992,.,.,-1,8.0,1315,-1,-1,-1
743,742,1903,1634,1634,1634,1719,1336,1992,.,.,-1,24.0,1314,-1,-1,-1
743,742,1904,1635,1635,1635,1719,1362,1992,.,.,-1,9.0,1315,-1,-1,-1
743,742,1905,1636,1636,1636,1719,1364,1992,.,.,-1,8.0,1315,-1,-1,-1
743,742,1906,1637,1637,1637,1719,1366,1992,.,.,-1,8.0,1315,-1,-1,-1
743,742,1907,1638,1638,1638,1719,1368,1992,.,.,-1,14.0,1315,-1,-1,-1
743,742,1908,1639,1639,1639,1719,1370,1992,.,.,-1,6.0,1315,-1,-1,-1
743,742,1909,1640,1640,1640,1719,1372,1992,.,.,-1,29.0,1385,-1,-1,-1
743,742,1910,1641,1640,1640,1719,1372,1992,.,.,-1,34.0,1315,-1,-1,-1
743,742,1911,1642,1642,1642,1719,1374,1992,.,.,-1,20.0,1385,-1,-1,-1
743,742,1912,1643,1642,1642,1719,1374,1992,.,.,-1,23.0,1315,-1,-1,-1
743,742,1913,1644,1644,1644,1719,1387,1992,.,.,-1,16.0,1315,-1,-1,-1
743,742,1914,1645,1644,1644,1719,1387,1992,.,.,-1,21.0,1385,-1,-1,-1
743,742,1915,1646,1644,1644,1719,1387,1992,.,.,-1,24.0,1314,-1,-1,-1
743,742,1916,1647,1647,1647,1719,1389,1992,.,.,-1,13.0,1315,-1,-1,-1
743,742,1917,1648,1647,1647,1719,1389,1992,.,.,-1,13.0,1385,-1,-1,-1
743,742,1918,1649,1649,1649,1719,1391,1992,.,.,-1,57.0,1315,-1,-1,-1
743,742,1919,1650,1649,1649,1719,1391,1992,.,.,-1,73.0,1385,-1,-1,-1
743,742,1920,1651,1651,1651,1719,1393,1992,.,.,-1,11.0,1314,-1,-1,-1
743,742,1921,1652,1652,1652,1719,1395,1992,.,.,-1,61.0,1314,-1,-1,-1
743,742,1922,1653,1653,1653,1719,1397,1992,.,.,-1,12.0,1385,-1,-1,-1
743,742,1923,1654,1653,1653,1719,1397,1992,.,.,-1,16.0,1315,-1,-1,-1
743,742,1924,1655,1655,1655,1719,1399,1992,.,.,-1,60.0,1315,-1,-1,-1
743,742,1925,1656,1655,1655,1719,1399,1992,.,.,-1,76.0,1385,-1,-1,-1
743,742,1926,1657,1657,1657,1719,1401,1992,.,.,-1,23.0,1385,-1,-1,-1
743,742,1927,1658,1657,1657,1719,1401,1992,.,.,-1,30.0,1315,-1,-1,-1
743,742,1928,1659,1659,1659,1719,1403,1992,.,.,-1,12.0,1315,-1,-1,-1
743,742,1929,1660,1660,1660,1719,1405,1992,.,.,-1,39.0,1385,-1,-1,-1
743,742,1930,1661,1660,1660,1719,1405,1992,.,.,-1,40.0,1315,-1,-1,-1
743,742,1931,1662,1662,1662,1719,1407,1992,.,.,-1,16.0,1314,-1,-1,-1
743,742,1932,1663,1663,1663,1719,1409,1992,.,.,-1,36.0,1385,-1,-1,-1
743,742,1933,1664,1663,1663,1719,1409,1992,.,.,-1,37.0,1315,-1,-1,-1
743,742,1934,1665,1665,1665,1719,1411,1992,.,.,-1,52.0,1314,-1,-1,-1
743,742,1935,1666,1666,1666,1719,1413,1992,.,.,-1,5.0,1385,-1,-1,-1
743,742,1936,1667,1666,1666,1719,1413,1992,.,.,-1,25.0,1315,-1,-1,-1
743,742,1939,1670,1670,1670,1719,1417,1992,.,.,-1,11.0,1315,-1,-1,-1
743,742,1937,1668,1668,1668,1719,1415,1992,.,.,-1,9.0,1385,-1,-1,-1
743,742,1938,1669,1668,1668,1719,1415,1992,.,.,-1,19.0,1315,-1,-1,-1
743,742,1940,1671,1671,1671,1719,1419,1992,.,.,-1,42.0,1385,-1,-1,-1
743,742,1941,1672,1671,1671,1719,1419,1992,.,.,-1,46.0,1315,-1,-1,-1
743,742,1942,1673,1673,1673,1719,1435,1992,.,.,-1,7.0,1314,-1,-1,-1
743,742,1943,1674,1674,1674,1719,1437,1992,.,.,-1,7.0,1385,-1,-1,-1
743,742,1944,1675,1675,1675,1719,1439,1992,.,.,-1,18.0,1314,-1,-1,-1
743,742,1945,1676,1676,1676,1719,1441,1992,.,.,-1,37.0,1315,-1,-1,-1
743,742,1946,1677,1676,1676,1719,1441,1992,.,.,-1,37.0,1385,-1,-1,-1
743,742,1947,1678,1678,1678,1719,1443,1992,.,.,-1,22.0,1314,-1,-1,-1
743,742,1948,1679,1679,1679,1719,1445,1992,.,.,-1,42.0,1314,-1,-1,-1
743,742,1949,1680,1680,1680,1719,1447,1992,.,.,-1,15.0,1314,-1,-1,-1
743,742,1950,1681,1681,1681,1719,1449,1992,.,.,-1,47.0,1385,-1,-1,-1
743,742,1951,1682,1681,1681,1719,1449,1992,.,.,-1,49.0,1315,-1,-1,-1
743,742,1952,1683,1683,1683,1719,1989,1992,.,.,-1,18.0,1315,-1,-1,-1
743,742,1953,1684,1683,1683,1719,1989,1992,.,.,-1,18.0,1385,-1,-1,-1
743,742,1954,1685,1685,1685,1719,1991,1992,.,.,-1,34.0,1385,-1,-1,-1
743,742,1955,1686,1685,1685,1719,1991,1992,.,.,-1,39.0,1315,-1,-1,-1
743,742,1956,1687,1687,1687,1719,1994,1992,.,.,-1,10.0,1385,-1,-1,-1
743,742,1957,1688,1687,1687,1719,1994,1992,.,.,-1,16.0,1315,-1,-1,-1
743,742,1958,1689,1689,1689,1719,1996,1992,.,.,-1,5.0,1385,-1,-1,-1
743,742,1959,1690,1689,1689,1719,1996,1992,.,.,-1,13.0,1315,-1,-1,-1
743,742,1960,1691,1691,1691,1719,1998,1992,.,.,-1,25.0,1314,-1,-1,-1
743,742,1961,1692,1691,1691,1719,1998,1992,.,.,-1,27.0,1385,-1,-1,-1
743,742,1962,1693,1691,1691,1719,1998,1992,.,.,-1,30.0,1315,-1,-1,-1
743,742,1963,1694,1694,1694,1719,2000,1992,.,.,-1,11.0,1385,-1,-1,-1
743,742,1964,1695,1694,1694,1719,2000,1992,.,.,-1,14.0,1315,-1,-1,-1
743,742,1965,1696,1696,1696,1719,2002,1992,.,.,-1,5.0,1314,-1,-1,-1
743,742,1966,1697,1697,1697,1719,2004,1992,.,.,-1,49.0,1315,-1,-1,-1
743,742,1967,1698,1697,1697,1719,2004,1992,.,.,-1,52.0,1385,-1,-1,-1
743,742,1968,1699,1699,1699,1719,2006,1992,.,.,-1,35.0,1385,-1,-1,-1
743,742,1969,1700,1699,1699,1719,2006,1992,.,.,-1,45.0,1315,-1,-1,-1
743,742,1970,1701,1701,1701,1719,2008,1992,.,.,-1,10.0,1315,-1,-1,-1
743,742,1971,1702,1702,1702,1719,2010,1992,.,.,-1,25.0,1385,-1,-1,-1
743,742,1972,1703,1702,1702,1719,2010,1992,.,.,-1,40.0,1315,-1,-1,-1
743,742,1973,1704,1704,1704,1719,2012,1992,.,.,-1,12.0,1315,-1,-1,-1
743,742,1974,1705,1705,1705,1719,2014,1992,.,.,-1,12.0,1315,-1,-1,-1
743,742,1975,1706,1706,1706,1719,2016,1992,.,.,-1,52.0,1315,-1,-1,-1
743,742,1976,1707,1706,1706,1719,2016,1992,.,.,-1,60.0,1385,-1,-1,-1
743,742,1977,1708,1708,1708,1719,2018,1992,.,.,-1,40.0,1314,-1,-1,-1
743,742,1978,1709,1709,1709,1719,2020,1992,.,.,-1,37.0,1385,-1,-1,-1
743,742,1979,1710,1709,1709,1719,2020,1992,.,.,-1,44.0,1315,-1,-1,-1
743,742,1980,1711,1711,1711,1719,2022,1992,.,.,-1,6.0,1315,-1,-1,-1
743,742,1981,1712,1712,1712,1719,2024,1992,.,.,-1,12.0,1315,-1,-1,-1
743,742,1982,1713,1713,1713,1719,2026,1992,.,.,-1,11.0,1315,-1,-1,-1
743,742,1983,1714,1714,1714,1719,2028,1992,.,.,-1,9.0,1315,-1,-1,-1
743,742,1984,1715,1715,1715,1719,2030,1992,.,.,-1,34.0,1385,-1,-1,-1
743,742,1985,1716,1715,1715,1719,2030,1992,.,.,-1,42.0,1315,-1,-1,-1
743,742,1986,1717,1717,1717,1719,2032,1992,.,.,-1,11.0,1385,-1,-1,-1
743,742,1987,1718,1717,1717,1719,2032,1992,.,.,-1,22.0,1315,-1,-1,-1
