30,41,0.0
30,84,0.0
30,76,0.0
30,111,0.0
30,52,0.0
30,179,0.0
30,29,0.0
30,11,0.0
30,13,0.0
30,47,0.0
30,48,0.0
30,26,0.0
30,71,0.0
30,144,0.0
30,20,0.0
30,140,0.0
30,3,0.0
30,164,0.0
30,173,0.0
30,133,0.0
30,22,0.0
30,14,0.0
30,104,0.0
30,115,0.0
30,67,0.0
30,102,0.0
30,117,0.0
30,130,0.0
30,168,0.0
30,125,0.0
30,38,0.0
30,85,0.0
30,36,0.0
30,138,0.0
30,167,0.0
30,34,0.0
30,74,0.0
30,165,0.0
30,31,0.0
30,58,0.0
30,62,0.0
30,170,0.0
30,107,0.0
30,146,0.0
30,78,0.0
30,45,0.0
30,174,0.0
30,101,0.0
30,6,0.0
30,49,0.0
30,119,0.0
30,21,0.0
30,28,0.0
30,61,0.0
30,145,0.0
30,79,0.0
30,75,0.0
30,32,0.0
30,70,0.0
30,0,0.0
30,7,0.0
30,35,0.0
30,121,0.0
30,86,0.0
30,88,0.0
30,181,0.0
30,81,0.0
30,90,0.0
30,80,0.0
30,109,0.0
30,147,0.0
30,151,0.0
30,150,0.0
30,73,0.0
30,59,0.0
30,33,0.0
30,155,0.0
30,154,0.0
30,15,0.0
30,69,0.0
30,116,0.0
30,57,0.0
30,68,0.0
30,128,0.0
30,112,0.0
30,18,0.0
30,105,0.0
30,114,0.0
30,12,0.0
30,139,0.0
30,148,0.0
30,24,0.0
30,99,0.0
30,176,0.0
30,129,0.0
30,132,0.0
30,95,0.0
30,94,0.0
30,134,0.0
30,27,0.0
30,141,0.0
30,96,0.0
30,50,0.0
30,175,0.0
30,56,0.0
30,25,0.0
30,19,0.0
30,135,0.0
30,53,0.0
30,4,0.0
30,152,0.0
30,142,0.0
30,63,0.0
30,23,0.0
30,171,0.0
30,160,0.0
30,166,0.0
30,10,0.0
30,17,0.0
30,163,0.0
30,2,0.0
30,77,0.0
30,149,0.0
30,156,0.0
30,162,0.0
30,16,0.0
30,100,0.0
30,37,0.0
30,178,0.0
30,106,0.0
30,185,0.0
30,89,0.0
30,87,0.0
30,188,0.0
30,39,0.0
30,40,0.0
30,187,0.0
30,183,0.0
30,180,0.0
30,182,0.0
64,79,0.0
64,138,0.0
64,135,0.0
64,100,0.0
64,129,0.0
64,104,0.0
64,124,0.0
64,112,0.0
64,109,0.0
64,106,0.0
64,108,0.0
64,105,0.0
64,111,0.0
64,115,0.0
64,118,0.0
64,121,0.0
64,126,0.0
64,120,0.0
64,130,0.0
64,103,0.0
64,99,0.0
64,137,0.0
64,101,0.0
64,125,0.0
64,131,0.0
64,133,0.0
64,81,0.0
64,98,0.0
64,96,0.0
64,89,0.0
64,139,0.0
64,35,0.0
64,93,0.0
64,134,0.0
64,62,0.0
64,77,0.0
64,63,0.0
64,67,0.0
64,68,0.0
64,76,0.0
64,140,0.0
64,58,0.0
64,56,0.0
64,54,0.0
64,31,0.0
64,57,0.0
64,94,0.0
64,12,0.0
64,52,0.0
64,69,0.0
64,34,0.0
64,36,0.0
64,39,0.0
64,38,0.0
64,37,0.0
64,44,0.0
64,50,0.0
64,51,0.0
64,48,0.0
64,47,0.0
64,19,0.0
64,17,0.0
64,18,0.0
64,24,0.0
64,22,0.0
64,41,0.0
64,16,0.0
64,86,0.0
64,26,0.0
64,53,0.0
64,84,0.0
64,33,0.0
64,78,0.0
64,27,0.0
64,88,0.0
64,13,0.0
64,14,0.0
64,23,0.0
64,15,0.0
64,80,0.0
64,28,0.0
64,29,0.0
64,74,0.0
64,21,0.0
64,132,0.0
64,71,0.0
64,20,0.0
64,75,0.0
64,60,0.0
64,102,0.0
64,45,0.0
64,107,0.0
64,117,0.0
64,114,0.0
64,42,0.0
64,70,0.0
64,87,0.0
64,90,0.0
64,92,0.0
64,149,0.0
64,40,0.0
64,32,0.0
64,55,0.0
64,9,0.0
64,188,0.0
64,128,0.0
64,8,0.0
64,159,0.0
64,7,0.0
64,61,0.0
64,182,0.0
64,183,0.0
64,184,0.0
64,176,0.0
64,2,0.0
64,160,0.0
64,4,0.0
64,3,0.0
64,164,0.0
64,175,0.0
64,187,0.0
64,142,0.0
64,181,0.0
64,5,0.0
64,167,0.0
64,166,0.0
64,170,0.0
64,155,0.0
64,165,0.0
64,154,0.0
64,161,0.0
64,168,0.0
64,174,0.0
64,177,0.0
64,171,0.0
64,95,0.0
64,156,0.0
64,10,0.0
64,173,0.0
64,153,0.0
64,148,0.0
64,146,0.0
64,145,0.0
64,178,0.0
64,11,0.0
64,151,0.0
64,147,0.0
64,141,0.0
64,179,0.0
64,152,0.0
64,73,0.0
66,155,0.0
66,156,0.0
66,188,0.0
66,164,0.0
66,185,0.0
66,184,0.0
66,181,0.0
66,109,0.0
66,179,0.0
66,176,0.0
66,171,0.0
66,183,0.0
66,173,0.0
66,152,0.0
66,148,0.0
66,150,0.0
66,149,0.0
66,145,0.0
66,139,0.0
66,144,0.0
66,143,0.0
66,141,0.0
66,112,0.0
66,146,0.0
66,138,0.0
66,118,0.0
66,130,0.0
66,133,0.0
66,111,0.0
66,124,0.0
66,153,0.0
66,151,0.0
66,154,0.0
66,120,0.0
66,114,0.0
66,128,0.0
66,117,0.0
66,165,0.0
66,177,0.0
66,163,0.0
66,110,0.0
66,107,0.0
66,147,0.0
66,178,0.0
66,108,0.0
66,105,0.0
66,104,0.0
66,57,0.0
66,99,0.0
66,102,0.0
66,100,0.0
66,59,0.0
66,90,0.0
66,88,0.0
66,95,0.0
66,44,0.0
66,86,0.0
66,40,0.0
66,162,0.0
66,76,0.0
66,77,0.0
66,84,0.0
66,101,0.0
66,37,0.0
66,78,0.0
66,81,0.0
66,87,0.0
66,36,0.0
66,89,0.0
66,56,0.0
66,63,0.0
66,79,0.0
66,53,0.0
66,51,0.0
66,15,0.0
66,39,0.0
66,18,0.0
66,49,0.0
66,26,0.0
66,43,0.0
66,19,0.0
66,21,0.0
66,166,0.0
66,41,0.0
66,168,0.0
66,47,0.0
66,174,0.0
66,142,0.0
66,175,0.0
66,137,0.0
66,167,0.0
66,23,0.0
66,182,0.0
66,24,0.0
66,103,0.0
66,123,0.0
66,125,0.0
66,27,0.0
66,126,0.0
66,28,0.0
66,119,0.0
66,132,0.0
66,29,0.0
66,34,0.0
66,14,0.0
66,116,0.0
66,115,0.0
66,32,0.0
66,31,0.0
66,55,0.0
66,62,0.0
66,98,0.0
66,106,0.0
66,33,0.0
66,58,0.0
66,73,0.0
66,75,0.0
66,85,0.0
66,38,0.0
66,80,0.0
66,22,0.0
66,20,0.0
66,69,0.0
66,17,0.0
66,35,0.0
66,70,0.0
66,67,0.0
66,50,0.0
66,94,0.0
66,48,0.0
66,96,0.0
66,52,0.0
66,60,0.0
66,61,0.0
66,13,0.0
66,11,0.0
66,10,0.0
66,4,0.0
66,2,0.0
66,16,0.0
66,68,0.0
66,134,0.0
66,6,0.0
66,3,0.0
66,7,0.0
66,160,0.0
72,87,0.0
72,59,0.0
72,81,0.0
72,77,0.0
72,76,0.0
72,75,0.0
72,24,0.0
72,73,0.0
72,71,0.0
72,67,0.0
72,60,0.0
72,47,0.0
72,17,0.0
72,20,0.0
72,57,0.0
72,56,0.0
72,37,0.0
72,50,0.0
72,11,0.0
72,49,0.0
72,27,0.0
72,31,0.0
72,32,0.0
72,43,0.0
72,39,0.0
72,34,0.0
72,45,0.0
72,38,0.0
72,28,0.0
72,29,0.0
72,48,0.0
72,26,0.0
72,35,0.0
72,36,0.0
72,33,0.0
72,42,0.0
72,41,0.0
72,55,0.0
72,58,0.0
72,46,0.0
72,22,0.0
72,62,0.0
72,63,0.0
72,69,0.0
72,23,0.0
72,70,0.0
72,68,0.0
72,61,0.0
72,53,0.0
72,74,0.0
72,21,0.0
72,79,0.0
72,80,0.0
72,19,0.0
72,84,0.0
72,18,0.0
72,85,0.0
72,16,0.0
72,51,0.0
72,40,0.0
72,13,0.0
72,14,0.0
72,12,0.0
72,15,0.0
72,7,0.0
72,2,0.0
72,4,0.0
72,6,0.0
72,90,0.0
72,10,0.0
72,89,0.0
72,88,0.0
72,86,0.0
72,3,0.0
72,109,0.0
72,188,0.0
72,183,0.0
72,118,0.0
72,179,0.0
72,184,0.0
72,175,0.0
72,173,0.0
72,171,0.0
72,170,0.0
72,130,0.0
72,165,0.0
72,135,0.0
72,161,0.0
72,160,0.0
72,154,0.0
72,139,0.0
72,151,0.0
72,149,0.0
72,144,0.0
72,146,0.0
72,145,0.0
72,143,0.0
72,142,0.0
72,141,0.0
72,147,0.0
72,153,0.0
72,137,0.0
72,158,1368.0
72,162,0.0
72,134,0.0
72,163,0.0
72,133,0.0
72,132,0.0
72,152,0.0
72,167,0.0
72,138,0.0
72,156,0.0
72,140,0.0
72,168,0.0
72,166,0.0
72,129,0.0
72,148,0.0
72,128,0.0
72,126,0.0
72,125,0.0
72,124,0.0
72,176,0.0
72,121,0.0
72,119,0.0
72,180,0.0
72,178,0.0
72,116,0.0
72,181,0.0
72,115,0.0
72,114,0.0
72,112,0.0
72,185,0.0
72,111,0.0
72,110,0.0
72,182,0.0
72,131,0.0
72,177,0.0
72,164,0.0
72,107,0.0
72,106,0.0
72,108,0.0
72,105,0.0
72,104,0.0
72,103,0.0
72,102,0.0
72,100,0.0
72,99,0.0
72,98,0.0
72,101,0.0
72,96,0.0
72,95,0.0
72,174,0.0
72,94,0.0
72,187,0.0
72,92,0.0
83,105,0.0
83,185,0.0
83,181,0.0
83,180,0.0
83,177,0.0
83,117,0.0
83,173,0.0
83,167,0.0
83,166,0.0
83,107,0.0
83,165,0.0
83,159,0.0
83,130,0.0
83,153,0.0
83,137,0.0
83,147,0.0
83,145,0.0
83,144,0.0
83,142,0.0
83,146,0.0
83,139,0.0
83,138,0.0
83,135,0.0
83,132,0.0
83,155,0.0
83,149,0.0
83,156,0.0
83,125,0.0
83,164,0.0
83,168,0.0
83,119,0.0
83,120,0.0
83,154,0.0
83,174,0.0
83,116,0.0
83,115,0.0
83,179,0.0
83,111,0.0
83,182,0.0
83,110,0.0
83,184,0.0
83,188,0.0
83,108,0.0
83,183,0.0
83,104,0.0
83,171,0.0
83,103,0.0
83,101,0.0
83,99,0.0
83,98,0.0
83,15,0.0
83,88,0.0
83,87,0.0
83,84,0.0
83,17,0.0
83,77,0.0
83,71,0.0
83,27,0.0
83,67,0.0
83,73,0.0
83,62,0.0
83,60,0.0
83,32,0.0
83,58,0.0
83,57,0.0
83,56,0.0
83,51,0.0
83,40,0.0
83,49,0.0
83,47,0.0
83,45,0.0
83,44,0.0
83,43,0.0
83,42,0.0
83,48,0.0
83,41,0.0
83,52,0.0
83,100,0.0
83,50,0.0
83,39,0.0
83,38,0.0
83,53,0.0
83,37,0.0
83,106,0.0
83,187,0.0
83,109,0.0
83,36,0.0
83,34,0.0
83,112,0.0
83,114,0.0
83,59,0.0
83,178,0.0
83,176,0.0
83,175,0.0
83,33,0.0
83,61,0.0
83,121,0.0
83,124,0.0
83,31,0.0
83,129,0.0
83,160,0.0
83,131,0.0
83,29,0.0
83,133,0.0
83,28,0.0
83,151,0.0
83,63,0.0
83,148,0.0
83,140,0.0
83,141,0.0
83,55,0.0
83,69,0.0
83,26,0.0
83,70,0.0
83,25,0.0
83,24,0.0
83,68,0.0
83,23,0.0
83,75,0.0
83,22,0.0
83,21,0.0
83,20,0.0
83,74,0.0
83,19,0.0
83,85,0.0
83,81,0.0
83,18,0.0
83,16,0.0
83,86,0.0
83,89,0.0
83,14,0.0
83,90,0.0
83,118,0.0
83,13,0.0
83,95,0.0
83,12,0.0
83,80,0.0
83,11,0.0
83,10,0.0
83,7,0.0
83,6,0.0
83,2,0.0
83,78,0.0
83,3,0.0
83,96,0.0
83,4,0.0
91,111,0.0
91,116,0.0
91,185,0.0
91,182,0.0
91,181,0.0
91,129,0.0
91,177,0.0
91,135,0.0
91,173,0.0
91,166,0.0
91,140,0.0
91,161,0.0
91,160,0.0
91,183,0.0
91,146,0.0
91,154,0.0
91,148,0.0
91,151,0.0
91,149,0.0
91,147,0.0
91,156,0.0
91,152,0.0
91,143,0.0
91,142,0.0
91,141,0.0
91,164,0.0
91,159,0.0
91,139,0.0
91,137,0.0
91,171,0.0
91,176,0.0
91,132,0.0
91,174,0.0
91,165,0.0
91,128,0.0
91,124,0.0
91,179,0.0
91,121,0.0
91,119,0.0
91,184,0.0
91,118,0.0
91,117,0.0
91,178,0.0
91,115,0.0
91,114,0.0
91,112,0.0
91,110,0.0
91,109,0.0
91,107,0.0
91,108,0.0
91,105,0.0
91,104,0.0
91,101,0.0
91,100,0.0
91,94,0.0
91,90,0.0
91,87,0.0
91,24,0.0
91,81,0.0
91,77,0.0
91,75,0.0
91,188,0.0
91,74,0.0
91,71,0.0
91,34,0.0
91,67,0.0
91,25,0.0
91,60,0.0
91,44,0.0
91,57,0.0
91,56,0.0
91,53,0.0
91,50,0.0
91,49,0.0
91,51,0.0
91,48,0.0
91,47,0.0
91,45,0.0
91,55,0.0
91,58,0.0
91,42,0.0
91,59,0.0
91,61,0.0
91,106,0.0
91,41,0.0
91,40,0.0
91,39,0.0
91,38,0.0
91,187,0.0
91,37,0.0
91,36,0.0
91,62,0.0
91,35,0.0
91,73,0.0
91,70,0.0
91,33,0.0
91,32,0.0
91,125,0.0
91,76,0.0
91,180,0.0
91,31,0.0
91,133,0.0
91,134,0.0
91,175,0.0
91,29,0.0
91,138,0.0
91,79,0.0
91,167,0.0
91,28,0.0
91,80,0.0
91,27,0.0
91,144,0.0
91,145,0.0
91,157,0.0
91,69,0.0
91,153,0.0
91,85,0.0
91,86,0.0
91,84,0.0
91,88,0.0
91,23,0.0
91,22,0.0
91,21,0.0
91,20,0.0
91,89,0.0
91,19,0.0
91,17,0.0
91,18,0.0
91,16,0.0
91,168,0.0
91,99,0.0
91,15,0.0
91,102,0.0
91,14,0.0
91,13,0.0
91,12,0.0
91,11,0.0
91,10,0.0
91,103,0.0
91,98,0.0
91,3,0.0
91,96,0.0
91,68,0.0
91,4,0.0
91,5,0.0
91,2,0.0
91,63,0.0
91,7,0.0
97,164,0.0
97,163,0.0
97,162,0.0
97,160,0.0
97,159,0.0
97,156,0.0
97,155,0.0
97,153,0.0
97,152,0.0
97,151,0.0
97,150,0.0
97,149,0.0
97,148,0.0
97,146,0.0
97,145,0.0
97,144,0.0
97,141,0.0
97,140,0.0
97,139,0.0
97,137,0.0
97,135,0.0
97,134,0.0
97,133,0.0
97,132,0.0
97,131,0.0
97,129,0.0
97,125,0.0
97,124,0.0
97,123,0.0
97,120,0.0
97,117,0.0
97,116,0.0
97,114,0.0
97,112,0.0
97,111,0.0
97,110,0.0
97,109,0.0
97,107,0.0
97,106,0.0
97,19,0.0
97,103,0.0
97,23,0.0
97,99,0.0
97,96,0.0
97,94,0.0
97,27,0.0
97,89,0.0
97,88,0.0
97,87,0.0
97,34,0.0
97,81,0.0
97,36,0.0
97,75,0.0
97,74,0.0
97,71,0.0
97,68,0.0
97,67,0.0
97,61,0.0
97,57,0.0
97,62,0.0
97,56,0.0
97,55,0.0
97,58,0.0
97,53,0.0
97,59,0.0
97,51,0.0
97,50,0.0
97,49,0.0
97,63,0.0
97,48,0.0
97,45,0.0
97,60,0.0
97,69,0.0
97,44,0.0
97,43,0.0
97,42,0.0
97,41,0.0
97,70,0.0
97,40,0.0
97,39,0.0
97,76,0.0
97,38,0.0
97,77,0.0
97,37,0.0
97,73,0.0
97,80,0.0
97,35,0.0
97,85,0.0
97,33,0.0
97,84,0.0
97,78,0.0
97,32,0.0
97,31,0.0
97,29,0.0
97,28,0.0
97,115,0.0
97,86,0.0
97,65,0.0
97,95,0.0
97,121,0.0
97,26,0.0
97,25,0.0
97,24,0.0
97,128,0.0
97,98,0.0
97,101,0.0
97,22,0.0
97,102,0.0
97,21,0.0
97,20,0.0
97,100,0.0
97,138,0.0
97,90,0.0
97,108,0.0
97,17,0.0
97,142,0.0
97,18,0.0
97,16,0.0
97,105,0.0
97,147,0.0
97,15,0.0
97,14,0.0
97,104,0.0
97,13,0.0
97,12,0.0
97,6,0.0
97,2,0.0
97,154,0.0
97,3,0.0
97,4,0.0
97,5,0.0
97,161,0.0
97,10,0.0
97,11,0.0
97,7,0.0
97,165,0.0
97,0,0.0
97,188,0.0
97,187,0.0
97,185,0.0
97,183,0.0
97,182,0.0
97,181,0.0
97,180,0.0
97,179,0.0
97,178,0.0
97,177,0.0
97,176,0.0
97,175,0.0
97,174,0.0
97,173,0.0
97,184,0.0
97,171,0.0
97,168,0.0
97,167,0.0
97,166,0.0
113,187,0.0
113,185,0.0
113,183,0.0
113,182,0.0
113,181,0.0
113,180,0.0
113,179,0.0
113,177,0.0
113,176,0.0
113,174,0.0
113,172,0.0
113,171,0.0
113,167,0.0
113,165,0.0
113,164,0.0
113,162,0.0
113,160,0.0
113,159,0.0
113,157,0.0
113,156,0.0
113,155,0.0
113,153,0.0
113,152,0.0
113,150,0.0
113,149,0.0
113,148,0.0
113,146,0.0
113,145,0.0
113,144,0.0
113,142,0.0
113,141,0.0
113,140,0.0
113,139,0.0
113,137,0.0
113,135,0.0
113,134,0.0
113,131,0.0
113,130,0.0
113,129,0.0
113,124,0.0
113,123,0.0
113,121,0.0
113,119,0.0
113,118,0.0
113,117,0.0
113,116,0.0
113,114,0.0
113,112,0.0
113,111,0.0
113,109,0.0
113,107,0.0
113,106,0.0
113,105,0.0
113,104,0.0
113,103,0.0
113,102,0.0
113,101,0.0
113,98,0.0
113,96,0.0
113,94,0.0
113,90,0.0
113,88,0.0
113,86,0.0
113,85,0.0
113,84,0.0
113,81,0.0
113,80,0.0
113,78,0.0
113,77,0.0
113,75,0.0
113,74,0.0
113,87,0.0
113,76,0.0
113,73,0.0
113,70,0.0
113,95,0.0
113,69,0.0
113,68,0.0
113,67,0.0
113,63,0.0
113,62,0.0
113,61,0.0
113,59,0.0
113,108,0.0
113,58,0.0
113,57,0.0
113,56,0.0
113,110,0.0
113,55,0.0
113,53,0.0
113,52,0.0
113,115,0.0
113,50,0.0
113,49,0.0
113,48,0.0
113,47,0.0
113,46,0.0
113,45,0.0
113,44,0.0
113,128,0.0
113,42,0.0
113,41,0.0
113,40,0.0
113,132,0.0
113,39,0.0
113,38,0.0
113,37,0.0
113,138,0.0
113,36,0.0
113,35,0.0
113,34,0.0
113,33,0.0
113,32,0.0
113,31,0.0
113,29,0.0
113,147,0.0
113,28,0.0
113,27,0.0
113,26,0.0
113,151,0.0
113,25,0.0
113,24,0.0
113,23,0.0
113,154,0.0
113,22,0.0
113,21,0.0
113,20,0.0
113,17,0.0
113,18,0.0
113,16,0.0
113,15,0.0
113,166,0.0
113,14,0.0
113,13,0.0
113,12,0.0
113,173,0.0
113,11,0.0
113,10,0.0
113,9,0.0
113,178,0.0
113,8,0.0
113,7,0.0
113,6,0.0
113,5,0.0
113,4,0.0
113,3,0.0
113,2,0.0
113,188,0.0
113,1,0.0
122,188,0.0
122,187,0.0
122,184,0.0
122,183,0.0
122,182,0.0
122,181,0.0
122,180,0.0
122,179,0.0
122,177,0.0
122,175,0.0
122,174,0.0
122,173,0.0
122,171,0.0
122,170,0.0
122,168,0.0
122,166,0.0
122,165,0.0
122,164,0.0
122,162,0.0
122,161,0.0
122,160,0.0
122,156,0.0
122,155,0.0
122,153,0.0
122,151,0.0
122,147,0.0
122,146,0.0
122,145,0.0
122,143,0.0
122,142,0.0
122,141,0.0
122,140,0.0
122,139,0.0
122,138,0.0
122,137,0.0
122,132,0.0
122,131,0.0
122,130,0.0
122,128,0.0
122,125,0.0
122,124,0.0
122,123,0.0
122,121,0.0
122,119,0.0
122,118,0.0
122,117,0.0
122,116,0.0
122,115,0.0
122,114,0.0
122,111,0.0
122,110,0.0
122,109,0.0
122,106,0.0
122,108,0.0
122,105,0.0
122,103,0.0
122,102,0.0
122,101,0.0
122,100,0.0
122,99,0.0
122,98,0.0
122,96,0.0
122,94,0.0
122,90,0.0
122,89,0.0
122,88,0.0
122,87,0.0
122,86,0.0
122,85,0.0
122,84,0.0
122,82,0.0
122,81,0.0
122,80,0.0
122,78,0.0
122,77,0.0
122,75,0.0
122,74,0.0
122,76,0.0
122,104,0.0
122,73,0.0
122,71,0.0
122,70,0.0
122,107,0.0
122,69,0.0
122,68,0.0
122,67,0.0
122,112,0.0
122,65,0.0
122,63,0.0
122,61,0.0
122,60,0.0
122,59,0.0
122,58,0.0
122,57,0.0
122,56,0.0
122,55,0.0
122,53,0.0
122,52,0.0
122,129,0.0
122,51,0.0
122,50,0.0
122,49,0.0
122,134,0.0
122,48,0.0
122,45,0.0
122,44,0.0
122,42,0.0
122,40,0.0
122,39,0.0
122,38,0.0
122,144,0.0
122,37,0.0
122,36,0.0
122,35,0.0
122,149,0.0
122,34,0.0
122,33,0.0
122,32,0.0
122,154,0.0
122,29,0.0
122,28,0.0
122,27,0.0
122,26,0.0
122,25,0.0
122,24,0.0
122,23,0.0
122,167,0.0
122,22,0.0
122,21,0.0
122,20,0.0
122,172,0.0
122,19,0.0
122,16,0.0
122,15,0.0
122,176,0.0
122,14,0.0
122,13,0.0
122,10,0.0
122,7,0.0
122,6,0.0
122,5,0.0
122,4,0.0
122,185,0.0
122,3,0.0
122,2,0.0
122,1,0.0
127,187,0.0
127,185,0.0
127,184,0.0
127,182,0.0
127,181,0.0
127,179,0.0
127,177,0.0
127,176,0.0
127,174,0.0
127,173,0.0
127,171,0.0
127,170,0.0
127,168,0.0
127,166,0.0
127,165,0.0
127,164,0.0
127,162,0.0
127,161,0.0
127,160,0.0
127,156,0.0
127,154,0.0
127,155,0.0
127,153,0.0
127,151,0.0
127,149,0.0
127,148,0.0
127,146,0.0
127,145,0.0
127,144,0.0
127,141,0.0
127,140,0.0
127,139,0.0
127,134,0.0
127,133,0.0
127,132,0.0
127,130,0.0
127,129,0.0
127,128,0.0
127,126,0.0
127,124,0.0
127,121,0.0
127,119,0.0
127,118,0.0
127,117,0.0
127,116,0.0
127,114,0.0
127,112,0.0
127,111,0.0
127,110,0.0
127,109,0.0
127,107,0.0
127,105,0.0
127,103,0.0
127,102,0.0
127,101,0.0
127,99,0.0
127,98,0.0
127,96,0.0
127,94,0.0
127,90,0.0
127,89,0.0
127,88,0.0
127,87,0.0
127,86,0.0
127,85,0.0
127,84,0.0
127,81,0.0
127,80,0.0
127,79,0.0
127,78,0.0
127,77,0.0
127,75,0.0
127,74,0.0
127,76,0.0
127,73,0.0
127,70,0.0
127,95,0.0
127,69,0.0
127,68,0.0
127,67,0.0
127,100,0.0
127,63,0.0
127,61,0.0
127,60,0.0
127,104,0.0
127,59,0.0
127,58,0.0
127,57,0.0
127,56,0.0
127,55,0.0
127,54,0.0
127,53,0.0
127,115,0.0
127,52,0.0
127,51,0.0
127,50,0.0
127,120,0.0
127,49,0.0
127,48,0.0
127,47,0.0
127,125,0.0
127,45,0.0
127,43,0.0
127,42,0.0
127,41,0.0
127,40,0.0
127,39,0.0
127,38,0.0
127,138,0.0
127,37,0.0
127,36,0.0
127,35,0.0
127,142,0.0
127,34,0.0
127,33,0.0
127,32,0.0
127,147,0.0
127,31,0.0
127,29,0.0
127,28,0.0
127,27,0.0
127,26,0.0
127,25,0.0
127,24,0.0
127,157,0.0
127,23,0.0
127,22,0.0
127,21,0.0
127,163,0.0
127,19,0.0
127,17,0.0
127,18,0.0
127,167,0.0
127,16,0.0
127,15,0.0
127,14,0.0
127,13,0.0
127,12,0.0
127,11,0.0
127,10,0.0
127,178,0.0
127,8,0.0
127,7,0.0
127,6,0.0
127,183,0.0
127,4,0.0
127,3,0.0
127,2,0.0
127,188,0.0
127,0,0.0
136,187,0.0
136,185,0.0
136,183,0.0
136,182,0.0
136,181,0.0
136,180,0.0
136,179,0.0
136,177,0.0
136,176,0.0
136,175,0.0
136,173,0.0
136,171,0.0
136,170,0.0
136,167,0.0
136,166,0.0
136,165,0.0
136,164,0.0
136,162,0.0
136,160,0.0
136,159,0.0
136,156,0.0
136,154,0.0
136,155,0.0
136,152,0.0
136,151,0.0
136,149,0.0
136,147,0.0
136,146,0.0
136,145,0.0
136,144,0.0
136,143,0.0
136,142,0.0
136,141,0.0
136,139,0.0
136,138,0.0
136,137,0.0
136,134,0.0
136,133,0.0
136,132,0.0
136,129,0.0
136,128,0.0
136,126,0.0
136,125,0.0
136,124,0.0
136,121,0.0
136,118,0.0
136,116,0.0
136,115,0.0
136,114,0.0
136,111,0.0
136,109,0.0
136,107,0.0
136,108,0.0
136,105,0.0
136,104,0.0
136,103,0.0
136,102,0.0
136,101,0.0
136,100,0.0
136,98,0.0
136,96,0.0
136,94,0.0
136,92,0.0
136,90,0.0
136,89,0.0
136,88,0.0
136,87,0.0
136,86,0.0
136,85,0.0
136,84,0.0
136,81,0.0
136,80,0.0
136,79,0.0
136,78,0.0
136,93,0.0
136,77,0.0
136,75,0.0
136,76,0.0
136,99,0.0
136,73,0.0
136,71,0.0
136,70,0.0
136,69,0.0
136,68,0.0
136,67,0.0
136,63,0.0
136,106,0.0
136,62,0.0
136,61,0.0
136,59,0.0
136,112,0.0
136,58,0.0
136,57,0.0
136,56,0.0
136,117,0.0
136,55,0.0
136,53,0.0
136,52,0.0
136,51,0.0
136,50,0.0
136,49,0.0
136,48,0.0
136,130,0.0
136,47,0.0
136,46,0.0
136,45,0.0
136,135,0.0
136,44,0.0
136,42,0.0
136,41,0.0
136,140,0.0
136,39,0.0
136,38,0.0
136,37,0.0
136,36,0.0
136,35,0.0
136,34,0.0
136,33,0.0
136,148,0.0
136,32,0.0
136,31,0.0
136,29,0.0
136,153,0.0
136,28,0.0
136,27,0.0
136,26,0.0
136,157,0.0
136,23,0.0
136,22,0.0
136,21,0.0
136,20,0.0
136,17,0.0
136,18,0.0
136,16,0.0
136,168,0.0
136,15,0.0
136,14,0.0
136,13,0.0
136,174,0.0
136,12,0.0
136,11,0.0
136,10,0.0
136,178,0.0
136,9,0.0
136,8,0.0
136,7,0.0
136,6,0.0
136,5,0.0
136,4,0.0
136,3,0.0
136,188,0.0
136,2,0.0
169,188,0.0
169,187,0.0
169,185,0.0
169,184,0.0
169,182,0.0
169,181,0.0
169,180,0.0
169,178,0.0
169,177,0.0
169,176,0.0
169,174,0.0
169,173,0.0
169,172,0.0
169,171,0.0
169,170,0.0
169,167,0.0
169,166,0.0
169,164,0.0
169,163,0.0
169,162,0.0
169,160,0.0
169,159,0.0
169,156,0.0
169,155,0.0
169,153,0.0
169,152,0.0
169,151,0.0
169,150,0.0
169,149,0.0
169,148,0.0
169,146,0.0
169,145,0.0
169,144,0.0
169,142,0.0
169,141,0.0
169,139,0.0
169,137,0.0
169,135,0.0
169,134,0.0
169,133,0.0
169,132,0.0
169,130,0.0
169,129,0.0
169,125,0.0
169,124,0.0
169,121,0.0
169,117,0.0
169,116,0.0
169,115,0.0
169,112,0.0
169,111,0.0
169,110,0.0
169,109,0.0
169,107,0.0
169,106,0.0
169,108,0.0
169,104,0.0
169,103,0.0
169,102,0.0
169,100,0.0
169,99,0.0
169,98,0.0
169,95,0.0
169,94,0.0
169,93,0.0
169,90,0.0
169,89,0.0
169,88,0.0
169,87,0.0
169,86,0.0
169,84,0.0
169,81,0.0
169,80,0.0
169,79,0.0
169,77,0.0
169,75,0.0
169,74,0.0
169,76,0.0
169,96,0.0
169,73,0.0
169,70,0.0
169,69,0.0
169,101,0.0
169,68,0.0
169,67,0.0
169,65,0.0
169,105,0.0
169,63,0.0
169,62,0.0
169,61,0.0
169,60,0.0
169,59,0.0
169,58,0.0
169,57,0.0
169,114,0.0
169,56,0.0
169,55,0.0
169,53,0.0
169,118,0.0
169,52,0.0
169,51,0.0
169,50,0.0
169,128,0.0
169,49,0.0
169,48,0.0
169,47,0.0
169,46,0.0
169,45,0.0
169,44,0.0
169,42,0.0
169,138,0.0
169,41,0.0
169,40,0.0
169,39,0.0
169,143,0.0
169,38,0.0
169,37,0.0
169,36,0.0
169,147,0.0
169,35,0.0
169,34,0.0
169,33,0.0
169,32,0.0
169,31,0.0
169,29,0.0
169,28,0.0
169,154,0.0
169,27,0.0
169,26,0.0
169,25,0.0
169,161,0.0
169,24,0.0
169,23,0.0
169,22,0.0
169,165,0.0
169,21,0.0
169,20,0.0
169,19,0.0
169,17,0.0
169,18,0.0
169,16,0.0
169,15,0.0
169,175,0.0
169,14,0.0
169,13,0.0
169,12,0.0
169,179,0.0
169,11,0.0
169,10,0.0
169,8,0.0
169,183,0.0
169,7,0.0
169,6,0.0
169,4,0.0
169,3,0.0
169,2,0.0
186,188,0.0
186,187,0.0
186,184,0.0
186,183,0.0
186,182,0.0
186,180,0.0
186,179,0.0
186,178,0.0
186,176,0.0
186,175,0.0
186,174,0.0
186,173,0.0
186,171,0.0
186,170,0.0
186,168,0.0
186,166,0.0
186,165,0.0
186,164,0.0
186,162,0.0
186,161,0.0
186,160,0.0
186,156,0.0
186,154,0.0
186,155,0.0
186,153,0.0
186,151,0.0
186,149,0.0
186,148,0.0
186,146,0.0
186,145,0.0
186,144,0.0
186,141,0.0
186,139,0.0
186,138,0.0
186,135,0.0
186,134,0.0
186,133,0.0
186,132,0.0
186,130,0.0
186,129,0.0
186,128,0.0
186,123,0.0
186,121,0.0
186,119,0.0
186,116,0.0
186,115,0.0
186,114,0.0
186,111,0.0
186,110,0.0
186,109,0.0
186,107,0.0
186,106,0.0
186,108,0.0
186,105,0.0
186,103,0.0
186,102,0.0
186,101,0.0
186,99,0.0
186,98,0.0
186,96,0.0
186,92,0.0
186,90,0.0
186,89,0.0
186,88,0.0
186,87,0.0
186,86,0.0
186,85,0.0
186,84,0.0
186,82,0.0
186,81,0.0
186,80,0.0
186,78,0.0
186,77,0.0
186,75,0.0
186,74,0.0
186,76,0.0
186,73,0.0
186,71,0.0
186,70,0.0
186,69,0.0
186,68,0.0
186,67,0.0
186,94,0.0
186,65,0.0
186,63,0.0
186,62,0.0
186,100,0.0
186,61,0.0
186,60,0.0
186,59,0.0
186,104,0.0
186,58,0.0
186,57,0.0
186,56,0.0
186,55,0.0
186,54,0.0
186,53,0.0
186,52,0.0
186,112,0.0
186,51,0.0
186,50,0.0
186,49,0.0
186,117,0.0
186,48,0.0
186,47,0.0
186,46,0.0
186,125,0.0
186,45,0.0
186,44,0.0
186,42,0.0
186,41,0.0
186,40,0.0
186,39,0.0
186,38,0.0
186,137,0.0
186,37,0.0
186,36,0.0
186,35,0.0
186,142,0.0
186,34,0.0
186,33,0.0
186,32,0.0
186,147,0.0
186,31,0.0
186,29,0.0
186,28,0.0
186,27,0.0
186,26,0.0
186,25,0.0
186,24,0.0
186,157,0.0
186,23,0.0
186,22,0.0
186,21,0.0
186,163,0.0
186,20,0.0
186,19,0.0
186,17,0.0
186,167,0.0
186,18,0.0
186,16,0.0
186,15,0.0
186,14,0.0
186,13,0.0
186,12,0.0
186,11,0.0
186,177,0.0
186,10,0.0
186,8,0.0
186,7,0.0
186,181,0.0
186,6,0.0
186,5,0.0
186,4,0.0
186,185,0.0
186,3,0.0
186,2,0.0
186,1,0.0
