2.3697792E9,2,0,54.00000000000001
2.3698656E9,1,0,7.000000000000001
2.3698656E9,4,0,32.0
2.369952E9,1,0,63.75000000000001
2.369952E9,2,0,6.75
2.3701248E9,1,0,5.75
2.3701248E9,2,0,108.375
2.3701248E9,4,0,13.0
2.3702112E9,2,0,32.625
2.3702112E9,4,0,19.5
2.3702976E9,1,0,0.0
2.370384E9,2,0,108.75
2.3704704E9,1,0,2.75
2.3705568E9,2,0,31.500000000000004
2.3705568E9,4,0,12.75
2.3707296E9,1,0,7.000000000000001
2.3707296E9,2,0,84.75
2.370816E9,1,0,63.75000000000001
2.370816E9,2,0,16.875
2.370816E9,4,0,26.0
2.3709888E9,2,0,105.0
2.3709888E9,4,0,22.5
2.3710752E9,1,0,2.5
2.3711616E9,1,0,56.25
2.3711616E9,2,0,14.625
2.3711616E9,4,0,22.0
2.3713344E9,1,0,5.25
2.3713344E9,2,0,71.375
2.3714208E9,2,0,23.625
2.3714208E9,4,0,45.5
2.3715936E9,1,0,86.25
2.3715936E9,2,0,73.375
2.37168E9,1,0,-0.75
2.3717664E9,2,0,59.625
2.3717664E9,4,0,23.0
2.3719392E9,1,0,9.0
2.3719392E9,2,0,92.5
2.3720256E9,1,0,43.125
2.3720256E9,2,0,27.0
2.3720256E9,4,0,31.0
2.372112E9,4,0,21.000000000000004
2.3721984E9,2,0,56.875
2.3722848E9,1,0,5.5
2.3723712E9,2,0,36.0
2.3723712E9,4,0,2.0
2.3724576E9,3,7,13.25
2.372544E9,1,0,7.75
2.372544E9,2,0,108.25
2.3726304E9,1,0,54.37499999999999
2.3726304E9,2,0,40.5
2.3726304E9,4,0,54.75
2.3728032E9,2,0,111.875
2.3728032E9,4,7,12.75
2.3728896E9,1,0,9.75
2.372976E9,1,0,80.625
2.372976E9,2,0,37.125
2.372976E9,4,0,25.0
2.3730624E9,3,7,8.5
2.3730624E9,4,7,9.75
2.3731488E9,1,0,6.25
2.3731488E9,2,0,82.625
2.3732352E9,2,0,31.500000000000004
2.3732352E9,4,0,60.25
2.3733216E9,3,7,6.0
2.3733216E9,4,7,7.75
2.373408E9,1,0,60.0
2.373408E9,2,0,109.75
2.3734944E9,1,0,5.5
2.3734944E9,2,0,3.75
2.3735808E9,4,0,52.75
2.3735808E9,4,7,8.75
2.3736672E9,3,7,15.0
2.3736672E9,4,7,35.0
2.3737536E9,1,0,5.75
2.3737536E9,2,0,87.625
2.37384E9,1,0,50.625
2.37384E9,2,0,23.625
2.37384E9,4,0,22.0
2.37384E9,4,7,39.875
2.3739264E9,2,0,30.375000000000004
2.3739264E9,4,7,32.375
2.3740128E9,2,0,94.5
2.3740128E9,4,0,26.25
2.3740992E9,1,0,5.75
2.3740992E9,2,0,59.625
2.3740992E9,1,7,15.75
2.3741856E9,2,0,43.875
2.3741856E9,4,0,35.0
2.3741856E9,4,7,7.75
2.3741856E9,5,7,33.25
2.374272E9,2,0,19.125
2.374272E9,1,7,-1.5
2.374272E9,3,7,10.5
2.374272E9,4,7,2.625
2.3743584E9,1,0,7.5
2.3743584E9,2,0,52.375
2.3743584E9,4,7,11.75
2.3744448E9,1,0,43.125
2.3744448E9,2,0,51.75
2.3744448E9,4,0,56.0
2.3744448E9,1,7,1.5
2.3744448E9,4,7,13.125
2.3745312E9,2,0,-4.5
2.3745312E9,3,7,19.75
2.3745312E9,4,7,25.875
2.3745312E9,5,7,15.0
2.3746176E9,2,0,54.5
2.3746176E9,1,7,29.25
2.374704E9,1,0,4.0
2.374704E9,2,0,34.875
2.3747904E9,1,0,52.50000000000001
2.3747904E9,4,0,15.0
2.3748768E9,2,7,85.5
2.3748768E9,4,7,21.0
2.3749632E9,1,0,0.25
2.3749632E9,2,0,54.5
2.3750496E9,2,0,81.125
2.3750496E9,4,0,49.0
2.3750496E9,2,7,56.25
2.3750496E9,3,7,15.25
2.3750496E9,4,7,35.875
2.375136E9,2,0,8.25
2.3752224E9,1,0,58.125
2.3752224E9,2,0,143.25
2.3753088E9,1,0,3.75
2.3753088E9,2,0,51.75
2.3753952E9,2,0,10.500000000000002
2.3753952E9,4,0,21.5
2.3754816E9,2,7,78.75
2.3754816E9,4,7,27.125
2.375568E9,1,0,6.5
2.375568E9,2,0,41.875
2.375568E9,3,7,11.75
2.3756544E9,1,0,20.625
2.3756544E9,2,0,133.125
2.3756544E9,4,0,30.0
2.3756544E9,2,7,99.0
2.3757408E9,2,0,-0.375
2.3757408E9,4,7,29.750000000000004
2.3758272E9,2,0,106.875
2.3758272E9,4,0,25.500000000000004
2.3759136E9,1,0,5.0
2.3759136E9,2,0,44.25
2.376E9,2,0,6.75
2.376E9,4,0,35.0
2.3760864E9,2,7,83.25
2.3761728E9,1,0,9.75
2.3761728E9,2,0,17.75
2.3761728E9,4,7,42.0
2.3762592E9,1,0,-3.75
2.3762592E9,2,0,171.875
2.3762592E9,4,0,62.75
2.3762592E9,2,7,74.25
2.3762592E9,3,7,11.5
2.3762592E9,4,7,31.5
2.3763456E9,2,0,7.5
2.376432E9,2,0,57.375
2.3765184E9,1,0,8.0
2.3765184E9,2,0,77.625
2.3766048E9,1,0,18.75
2.3766048E9,2,0,9.75
2.3766048E9,4,0,38.0
2.3766048E9,3,7,9.5
2.3766912E9,2,7,65.25
2.3766912E9,4,7,28.875
2.3767776E9,1,0,8.5
2.3767776E9,2,0,32.125
2.376864E9,2,0,189.75
2.376864E9,4,0,66.75
2.376864E9,2,7,58.5
2.376864E9,4,7,48.12500000000001
2.3769504E9,2,0,14.25
2.3770368E9,2,0,27.875
2.3770368E9,2,6,11.375
2.3770368E9,3,7,15.75
2.3771232E9,1,0,6.5
2.3771232E9,2,0,104.625
2.3772096E9,2,0,11.625
2.3772096E9,4,0,49.5
2.3772096E9,1,7,-0.5
2.377296E9,2,7,56.25
2.377296E9,4,7,57.75
2.3773824E9,2,0,48.0
2.3773824E9,2,6,11.375
2.3773824E9,3,7,9.25
2.3774688E9,1,0,67.5
2.3774688E9,2,0,140.0
2.3774688E9,4,0,23.0
2.3774688E9,2,7,51.75
2.3774688E9,4,7,35.875
2.3775552E9,2,0,58.50000000000001
2.3775552E9,4,6,8.75
2.3776416E9,2,0,84.375
2.3776416E9,4,0,22.5
2.3776416E9,2,6,12.250000000000002
2.377728E9,2,0,65.25
2.3778144E9,2,0,6.0
2.3778144E9,4,0,7.000000000000001
2.3779008E9,4,6,18.75
2.3779008E9,2,7,33.75
2.3779008E9,4,7,45.5
2.3779872E9,1,0,6.25
2.3779872E9,2,0,62.375
2.3779872E9,2,6,53.125
2.3780736E9,1,0,71.25
2.3780736E9,2,0,98.875
2.3780736E9,4,0,48.25
2.3780736E9,4,6,27.5
2.3780736E9,2,7,-2.25
2.3780736E9,3,7,15.5
2.3780736E9,4,7,34.125
2.37816E9,2,0,12.375
2.37816E9,4,6,48.625
2.3782464E9,2,0,69.25
2.3782464E9,2,6,63.0
2.3782464E9,4,6,37.125
2.3783328E9,1,0,6.0
2.3783328E9,2,0,93.75
2.3784192E9,1,0,65.625
2.3784192E9,2,0,12.750000000000002
2.3784192E9,4,0,28.000000000000004
2.3784192E9,1,7,3.375
2.3784192E9,3,7,9.25
2.3785056E9,4,6,46.25
2.3785056E9,2,7,49.5
2.3785056E9,4,7,29.750000000000004
2.378592E9,1,0,7.000000000000001
2.378592E9,2,0,28.250000000000004
2.378592E9,4,0,18.0
2.378592E9,2,6,64.25
2.378592E9,4,6,32.625
2.378592E9,5,7,30.375000000000004
2.3786784E9,2,0,72.0
2.3786784E9,4,0,28.5
2.3786784E9,4,6,44.125
2.3786784E9,1,7,37.125
2.3786784E9,2,7,69.75
2.3786784E9,4,7,35.0
2.3786784E9,5,7,29.25
2.3787648E9,2,0,160.375
2.3787648E9,5,0,69.375
2.3787648E9,4,6,50.75
2.3787648E9,1,7,44.0
2.3788512E9,1,0,31.875000000000004
2.3788512E9,2,6,63.375
2.3788512E9,4,6,-1.875
2.3788512E9,5,7,20.25
2.3789376E9,1,0,7.249999999999999
2.3789376E9,2,0,70.875
2.379024E9,2,0,38.375
2.379024E9,4,0,-6.5
2.379024E9,4,6,13.125
2.379024E9,5,7,30.375000000000004
2.3791104E9,2,0,26.0
2.3791104E9,5,0,45.0
2.3791104E9,4,6,60.875
2.3791104E9,1,7,26.125
2.3791104E9,2,7,51.75
2.3791104E9,4,7,28.875
2.3791104E9,5,7,39.875
2.3791968E9,1,0,7.5
2.3791968E9,2,0,63.625
2.3791968E9,5,0,-5.625
2.3791968E9,2,6,53.75
2.3791968E9,5,7,23.625
2.3792832E9,1,0,35.625
2.3792832E9,2,0,81.5
2.3792832E9,4,0,20.0
2.3792832E9,5,0,30.0
2.3792832E9,2,6,84.0
2.3792832E9,4,6,119.0
2.3792832E9,2,7,51.75
2.3792832E9,4,7,23.625
2.3792832E9,5,7,31.500000000000004
2.3793696E9,2,0,52.5
2.3793696E9,4,6,66.125
2.3793696E9,1,7,86.625
2.3793696E9,5,7,2.875
2.379456E9,2,0,9.625
2.379456E9,4,0,21.75
2.379456E9,2,6,31.125
2.379456E9,5,7,24.75
2.3795424E9,1,0,7.75
2.3795424E9,2,0,103.25
2.3795424E9,5,7,43.875
2.3796288E9,2,0,30.0
2.3796288E9,4,0,31.0
2.3796288E9,5,0,16.875
2.3796288E9,2,6,42.0
2.3796288E9,4,6,6.125000000000001
2.3796288E9,1,7,44.0
2.3797152E9,2,0,83.125
2.3797152E9,4,6,132.0
2.3797152E9,1,7,-2.75
2.3797152E9,4,7,34.125
2.3798016E9,1,0,9.5
2.3798016E9,2,0,68.875
2.3798016E9,5,0,52.50000000000001
2.3798016E9,2,6,35.75
2.3798016E9,4,6,29.25
2.3798016E9,5,7,41.625
2.379888E9,1,0,80.625
2.379888E9,2,0,171.5
2.379888E9,4,0,37.75
2.379888E9,5,0,113.75
2.379888E9,2,6,28.0
2.379888E9,4,6,69.5
2.379888E9,4,7,43.75
2.3799744E9,2,0,30.0
2.3799744E9,4,0,28.875
2.3799744E9,4,6,51.125
2.3799744E9,1,7,8.25
2.3799744E9,5,7,32.625
2.3800608E9,2,0,5.375
2.3800608E9,2,6,61.875
2.3800608E9,1,7,52.25
2.3800608E9,2,7,-0.625
2.3800608E9,5,7,18.0
2.3801472E9,1,0,6.0
2.3801472E9,2,0,61.375
2.3801472E9,4,0,25.0
2.3801472E9,2,6,12.0
2.3801472E9,5,7,2.25
2.3802336E9,1,0,31.875000000000004
2.3802336E9,2,0,12.0
2.3802336E9,2,6,9.0
2.3802336E9,2,7,36.0
2.3802336E9,5,7,-1.75
2.38032E9,2,0,60.75000000000001
2.38032E9,4,0,17.5
2.38032E9,2,6,53.625
2.38032E9,1,7,75.625
2.38032E9,2,7,33.625
2.38032E9,4,7,36.25
2.3804064E9,1,0,9.75
2.3804064E9,2,0,89.125
2.3804064E9,3,0,12.0
2.3804064E9,2,6,10.125
2.3804064E9,1,7,11.25
2.3804064E9,2,7,73.25
2.3804064E9,5,7,36.0
2.3804928E9,2,0,94.5
2.3804928E9,4,0,44.25
2.3804928E9,2,6,39.75
2.3804928E9,1,7,1.375
2.3804928E9,2,7,18.375
2.3804928E9,4,7,30.0
2.3804928E9,5,7,60.25
2.3805792E9,2,0,32.625
2.3805792E9,1,7,34.375
2.3805792E9,2,7,33.0
2.3806656E9,1,0,46.875
2.3806656E9,2,0,23.25
2.3806656E9,3,0,14.25
2.3806656E9,2,6,6.375000000000001
2.3806656E9,2,7,51.625
2.3806656E9,5,7,41.625
2.380752E9,2,0,66.25
2.3808384E9,4,0,47.75
2.3808384E9,2,6,0.0
2.3808384E9,3,7,28.5
2.3809248E9,2,0,78.0
2.3809248E9,4,0,23.625
2.3809248E9,2,6,38.50000000000001
2.3809248E9,2,7,55.5
2.3809248E9,3,7,33.0
2.3810112E9,1,0,7.000000000000001
2.3810112E9,2,0,68.0
2.3810112E9,3,0,25.500000000000004
2.3810112E9,4,0,1.0
2.3810112E9,2,6,9.375
2.3810112E9,2,7,31.500000000000004
2.3810976E9,2,0,176.25
2.3810976E9,4,0,27.125
2.3810976E9,2,6,50.375
2.3810976E9,2,7,37.5
2.3810976E9,3,7,21.75
2.381184E9,2,0,10.125
2.381184E9,1,7,5.125
2.381184E9,2,7,60.75
2.381184E9,3,7,18.75
2.3812704E9,2,0,37.875
2.3812704E9,3,0,25.500000000000004
2.3812704E9,4,0,27.75
2.3812704E9,2,6,-1.5
2.3813568E9,1,0,8.75
2.3813568E9,2,0,95.0
2.3813568E9,2,7,38.25
2.3814432E9,4,0,31.0
2.3814432E9,2,6,12.0
2.3814432E9,3,7,21.25
2.3815296E9,2,0,66.75
2.3815296E9,4,0,33.25
2.3815296E9,2,6,11.0
2.3815296E9,2,7,47.25
2.3815296E9,3,7,7.5
2.381616E9,1,0,4.25
2.381616E9,2,0,73.875
2.381616E9,3,0,0.0
2.381616E9,2,6,31.875
2.381616E9,1,7,15.0
2.381616E9,2,7,40.5
2.3817024E9,1,0,-7.5
2.3817024E9,2,0,68.625
2.3817024E9,4,0,57.375
2.3817024E9,2,6,43.875
2.3817024E9,2,7,17.5
2.3817024E9,3,7,33.75
2.3817888E9,2,0,45.0
2.3817888E9,4,0,2.0
2.3817888E9,2,6,7.5
2.3817888E9,2,7,33.75
2.3817888E9,3,7,12.0
2.3818752E9,2,0,32.5
2.3818752E9,3,0,27.0
2.3818752E9,2,6,7.5
2.3818752E9,2,7,21.375
2.3819616E9,1,0,5.25
2.3819616E9,2,0,80.25
2.3819616E9,2,7,24.75
2.382048E9,1,0,22.5
2.382048E9,2,6,10.500000000000002
2.382048E9,3,7,8.25
2.382048E9,5,7,11.0
2.3821344E9,2,0,66.375
2.3821344E9,4,0,23.625
2.3821344E9,2,6,30.25
2.3821344E9,2,7,57.125
2.3821344E9,3,7,15.0
2.3821344E9,5,7,52.25
2.3822208E9,1,0,6.0
2.3822208E9,2,0,46.625
2.3822208E9,3,0,18.75
2.3822208E9,2,6,17.25
2.3822208E9,1,7,15.0
2.3822208E9,2,7,22.5
2.3822208E9,4,7,39.0
2.3823072E9,1,0,31.25
2.3823072E9,2,0,102.375
2.3823072E9,4,0,69.25
2.3823072E9,2,6,39.875
2.3823072E9,1,7,3.0
2.3823072E9,2,7,13.625
2.3823072E9,3,7,20.25
2.3823072E9,4,7,-4.125
2.3823936E9,2,0,37.5
2.3823936E9,2,7,36.0
2.3823936E9,3,7,18.75
2.3823936E9,4,7,49.5
2.3823936E9,5,7,31.625
2.38248E9,1,0,81.25
2.38248E9,2,0,24.75
2.38248E9,3,0,18.75
2.38248E9,2,6,10.125
2.38248E9,2,7,34.875
2.38248E9,4,7,36.0
2.3825664E9,1,0,0.25
2.3825664E9,2,0,82.25
2.3825664E9,4,0,40.0
2.3825664E9,2,7,33.75
2.3826528E9,4,0,18.75
2.3826528E9,5,0,44.0
2.3826528E9,2,6,9.0
2.3826528E9,1,7,7.5
2.3826528E9,3,7,24.0
2.3827392E9,2,0,124.5
2.3827392E9,4,0,21.0
2.3827392E9,5,0,68.5
2.3827392E9,2,6,41.125
2.3827392E9,1,7,24.375
2.3827392E9,2,7,22.75
2.3827392E9,3,7,15.0
2.3827392E9,4,7,58.5
2.3828256E9,2,0,95.625
2.3828256E9,3,0,39.0
2.3828256E9,2,6,6.75
2.3828256E9,4,7,40.5
2.382912E9,1,0,37.5
2.382912E9,2,0,136.125
2.382912E9,3,0,-5.5
2.382912E9,4,0,61.0
2.382912E9,5,0,60.625
2.382912E9,2,6,46.00000000000001
2.382912E9,2,7,45.25
2.382912E9,3,7,20.25
2.3829984E9,2,0,80.625
2.3829984E9,5,0,82.125
2.3829984E9,1,7,27.5
2.3829984E9,3,7,15.0
2.3829984E9,4,7,56.0
2.3830848E9,2,0,67.25
2.3830848E9,3,0,21.75
2.3830848E9,4,0,29.25
2.3830848E9,2,6,22.5
2.3830848E9,4,7,27.0
2.3831712E9,2,0,51.625
2.3831712E9,4,0,-4.0
2.3831712E9,2,7,33.75
2.3832576E9,5,0,65.75
2.3832576E9,2,6,9.75
2.3832576E9,1,7,18.75
2.3832576E9,3,7,17.25
2.383344E9,2,0,40.5
2.383344E9,4,0,5.125
2.383344E9,5,0,44.0
2.383344E9,2,6,37.125
2.383344E9,1,7,32.0
2.383344E9,2,7,30.625
2.383344E9,3,7,9.0
2.383344E9,4,7,45.0
2.3834304E9,2,0,107.875
2.3834304E9,3,0,18.75
2.3834304E9,2,6,21.375
2.3834304E9,3,7,14.25
2.3834304E9,4,7,-4.5
2.3835168E9,1,0,71.25
2.3835168E9,2,0,139.5
2.3835168E9,3,0,67.125
2.3835168E9,4,0,46.625
2.3835168E9,5,0,138.875
2.3835168E9,2,6,76.125
2.3835168E9,1,7,3.875
2.3835168E9,2,7,38.25
2.3835168E9,3,7,39.5
2.3836032E9,1,0,49.00000000000001
2.3836032E9,2,0,115.125
2.3836032E9,5,0,21.5
2.3836032E9,2,6,10.875
2.3836032E9,3,7,23.25
2.3836032E9,4,7,21.000000000000004
2.3836896E9,2,0,28.25
2.3836896E9,3,0,70.5
2.3836896E9,2,6,-1.5
2.3836896E9,1,7,20.0
2.3836896E9,3,7,88.5
2.3836896E9,5,7,43.5
2.383776E9,1,0,8.25
2.383776E9,2,0,89.0
2.383776E9,4,0,31.0
2.383776E9,5,0,72.0
2.383776E9,2,7,36.0
2.3838624E9,1,0,71.25
2.3838624E9,3,0,12.750000000000002
2.3838624E9,5,0,34.625
2.3838624E9,2,6,11.625
2.3838624E9,1,7,-0.75
2.3839488E9,1,0,16.875
2.3839488E9,2,0,63.375
2.3839488E9,3,0,24.75
2.3839488E9,4,0,35.0
2.3839488E9,5,0,51.25
2.3839488E9,2,6,37.75
2.3839488E9,3,7,52.5
2.3839488E9,4,7,37.5
2.3840352E9,1,0,49.875
2.3840352E9,2,0,115.375
2.3840352E9,3,0,26.75
2.3840352E9,2,6,14.625
2.3840352E9,3,7,49.00000000000001
2.3840352E9,4,7,77.0
2.3841216E9,1,0,44.875
2.3841216E9,2,0,149.625
2.3841216E9,3,0,127.625
2.3841216E9,4,0,55.25000000000001
2.3841216E9,5,0,67.375
2.3841216E9,2,6,49.875
2.3841216E9,2,7,43.875
2.3841216E9,3,7,92.5
2.384208E9,2,0,48.375
2.384208E9,3,0,13.5
2.384208E9,5,0,40.625
2.384208E9,2,6,22.75
2.384208E9,4,7,84.0
2.384208E9,5,7,-3.0
2.3842944E9,1,0,58.125
2.3842944E9,2,0,30.375
2.3842944E9,3,0,38.625
2.3842944E9,1,6,30.75
2.3842944E9,2,6,10.875
2.3842944E9,1,7,17.25
2.3842944E9,3,7,57.25
2.3842944E9,4,7,55.5
2.3843808E9,1,0,5.0
2.3843808E9,2,0,92.375
2.3843808E9,3,0,8.0
2.3843808E9,4,0,-3.0
2.3843808E9,5,0,39.0
2.3843808E9,1,6,15.0
2.3843808E9,2,7,27.0
2.3844672E9,1,0,68.125
2.3844672E9,3,0,18.0
2.3844672E9,4,0,19.5
2.3844672E9,5,0,16.5
2.3844672E9,2,6,4.5
2.3844672E9,3,7,48.0
2.3845536E9,1,0,25.500000000000004
2.3845536E9,2,0,97.125
2.3845536E9,3,0,11.25
2.3845536E9,4,0,50.75
2.3845536E9,5,0,66.0
2.3845536E9,2,6,82.25
2.3845536E9,1,7,4.125
2.3845536E9,3,7,53.75
2.3845536E9,4,7,3.0
2.38464E9,1,0,16.875
2.38464E9,2,0,158.375
2.38464E9,3,0,22.5
2.38464E9,2,6,10.875
2.38464E9,4,6,-5.625
2.38464E9,1,7,19.25
2.38464E9,3,7,65.0
2.38464E9,4,7,98.875
2.3847264E9,1,0,42.0
2.3847264E9,2,0,114.75
2.3847264E9,3,0,101.25
2.3847264E9,4,0,75.5
2.3847264E9,5,0,178.0
2.3847264E9,1,6,12.0
2.3847264E9,2,6,14.5
2.3847264E9,2,7,30.375000000000004
2.3847264E9,3,7,57.0
2.3847264E9,4,7,19.5
2.3847264E9,5,7,4.5
2.3848128E9,1,0,24.0
2.3848128E9,2,0,80.625
2.3848128E9,3,0,15.0
2.3848128E9,4,0,-1.0
2.3848128E9,5,0,66.625
2.3848128E9,1,6,35.75
2.3848128E9,2,6,11.625
2.3848128E9,4,6,39.37500000000001
2.3848128E9,1,7,3.625
2.3848128E9,3,7,49.5
2.3848128E9,4,7,44.5
2.3848128E9,5,7,13.0
2.3848992E9,1,0,13.125
2.3848992E9,2,0,85.875
2.3848992E9,3,0,47.5
2.3848992E9,4,0,15.0
2.3848992E9,1,6,24.75
2.3848992E9,2,6,13.5
2.3848992E9,3,7,158.75
2.3848992E9,4,7,97.625
2.3849856E9,1,0,7.75
2.3849856E9,2,0,101.0
2.3849856E9,3,0,6.0
2.3849856E9,4,0,16.0
2.3849856E9,1,6,20.25
2.3849856E9,2,7,-3.375
2.385072E9,1,0,62.125
2.385072E9,3,0,28.5
2.385072E9,5,0,69.375
2.385072E9,2,6,17.25
2.385072E9,4,6,68.25
2.385072E9,1,7,2.75
2.385072E9,3,7,68.125
2.385072E9,5,7,10.0
2.3851584E9,1,0,95.875
2.3851584E9,2,0,112.5
2.3851584E9,3,0,24.75
2.3851584E9,4,0,41.375
2.3851584E9,5,0,119.75
2.3851584E9,1,6,35.75
2.3851584E9,2,6,70.875
2.3851584E9,1,7,4.0
2.3851584E9,3,7,22.5
2.3851584E9,4,7,40.5
2.3851584E9,5,7,11.5
2.3852448E9,1,0,8.75
2.3852448E9,2,0,104.5
2.3852448E9,3,0,25.500000000000004
2.3852448E9,4,0,39.0
2.3852448E9,5,0,-3.0
2.3852448E9,1,6,27.75
2.3852448E9,2,6,12.0
2.3852448E9,4,6,38.25
2.3852448E9,3,7,58.12500000000001
2.3852448E9,4,7,136.75
2.3853312E9,1,0,153.25
2.3853312E9,2,0,105.75
2.3853312E9,3,0,125.75
2.3853312E9,4,0,206.875
2.3853312E9,5,0,58.50000000000001
2.3853312E9,1,6,16.5
2.3853312E9,2,6,87.375
2.3853312E9,4,6,40.5
2.3853312E9,1,7,4.125
2.3853312E9,2,7,22.5
2.3853312E9,4,7,58.375
2.3854176E9,1,0,78.25
2.3854176E9,2,0,68.625
2.3854176E9,3,0,23.25
2.3854176E9,4,0,19.875
2.3854176E9,5,0,-1.375
2.3854176E9,4,6,32.625
2.3854176E9,5,6,45.375
2.3854176E9,1,7,1.875
2.3854176E9,3,7,38.125
2.3854176E9,4,7,75.75
2.385504E9,2,0,45.875
2.385504E9,3,0,110.125
2.385504E9,4,0,30.25
2.385504E9,5,0,28.75
2.385504E9,2,6,7.875
2.385504E9,5,6,45.0
2.385504E9,2,7,10.625
2.385504E9,3,7,112.75
2.385504E9,4,7,82.5
2.3855904E9,1,0,-1.25
2.3855904E9,2,0,40.5
2.3855904E9,3,0,66.0
2.3855904E9,4,0,20.0
2.3855904E9,5,0,55.5
2.3855904E9,2,6,9.75
2.3855904E9,2,7,-1.125
2.3855904E9,3,7,14.25
2.3856768E9,1,0,66.0
2.3856768E9,3,0,29.25
2.3856768E9,4,0,54.875
2.3856768E9,5,0,20.625
2.3856768E9,2,6,9.0
2.3856768E9,1,7,0.25
2.3856768E9,3,7,28.5
2.3857632E9,1,0,97.75
2.3857632E9,2,0,163.75
2.3857632E9,3,0,27.75
2.3857632E9,4,0,72.25
2.3857632E9,5,0,34.375
2.3857632E9,2,6,39.875
2.3857632E9,3,7,0.0
2.3857632E9,4,7,49.5
2.3857632E9,5,7,33.25
2.3858496E9,1,0,30.5
2.3858496E9,2,0,175.5
2.3858496E9,3,0,30.875
2.3858496E9,4,0,103.75
2.3858496E9,5,0,16.0
2.3858496E9,2,6,5.625
2.3858496E9,4,6,31.875
2.3858496E9,1,7,38.5
2.3858496E9,2,7,12.5
2.3858496E9,3,7,63.125
2.3858496E9,4,7,73.25
2.385936E9,1,0,15.625
2.385936E9,2,0,139.375
2.385936E9,3,0,60.5
2.385936E9,4,0,189.25
2.385936E9,5,0,81.375
2.385936E9,2,6,42.25
2.385936E9,4,6,4.5
2.385936E9,1,7,-0.25
2.385936E9,2,7,24.75
2.385936E9,3,7,96.75
2.385936E9,5,7,44.625
2.3860224E9,1,0,83.25
2.3860224E9,2,0,115.125
2.3860224E9,3,0,95.75
2.3860224E9,4,0,37.125
2.3860224E9,5,0,17.875
2.3860224E9,2,6,39.875
2.3860224E9,1,7,4.125
2.3860224E9,3,7,86.5
2.3860224E9,4,7,150.25
2.3860224E9,5,7,54.25
2.3861088E9,1,0,15.0
2.3861088E9,2,0,33.375
2.3861088E9,3,0,25.375000000000004
2.3861088E9,4,0,52.125
2.3861088E9,2,6,12.750000000000002
2.3861088E9,5,6,32.625
2.3861088E9,2,7,1.875
2.3861088E9,3,7,137.125
2.3861088E9,4,7,101.25
2.3861088E9,5,7,15.375
2.3861952E9,1,0,5.25
2.3861952E9,2,0,56.25
2.3861952E9,3,0,8.75
2.3861952E9,4,0,42.0
2.3861952E9,5,0,52.5
2.3861952E9,2,7,43.875
2.3861952E9,5,7,23.25
2.3862816E9,1,0,117.625
2.3862816E9,3,0,75.25
2.3862816E9,4,0,148.5
2.3862816E9,5,0,60.0
2.3862816E9,2,6,13.5
2.3862816E9,1,7,33.125
2.386368E9,1,0,83.75
2.386368E9,2,0,160.25
2.386368E9,3,0,68.875
2.386368E9,4,0,40.25
2.386368E9,5,0,49.75
2.386368E9,2,6,101.125
2.386368E9,5,6,23.125
2.386368E9,1,7,4.25
2.386368E9,3,7,94.875
2.386368E9,4,7,187.25
2.386368E9,5,7,57.0
2.3864544E9,1,0,25.5
2.3864544E9,2,0,129.5
2.3864544E9,3,0,33.375
2.3864544E9,4,0,123.0
2.3864544E9,5,0,4.5
2.3864544E9,2,6,9.0
2.3864544E9,5,6,15.625
2.3864544E9,2,7,3.125
2.3864544E9,3,7,58.0
2.3864544E9,4,7,187.0
2.3864544E9,5,7,57.75
2.3865408E9,1,0,45.625
2.3865408E9,2,0,182.125
2.3865408E9,3,0,43.25
2.3865408E9,4,0,108.5
2.3865408E9,5,0,80.5
2.3865408E9,2,6,61.0
2.3865408E9,1,7,27.125
2.3865408E9,2,7,32.625
2.3865408E9,3,7,250.375
2.3865408E9,4,7,23.625
2.3865408E9,5,7,52.5
2.3866272E9,1,0,65.25
2.3866272E9,2,0,87.75
2.3866272E9,3,0,34.125
2.3866272E9,4,0,65.0
2.3866272E9,5,0,132.25
2.3866272E9,1,6,38.50000000000001
2.3866272E9,2,6,19.5
2.3866272E9,1,7,3.75
2.3866272E9,3,7,130.375
2.3866272E9,4,7,131.625
2.3866272E9,5,7,3.5
2.3867136E9,1,0,27.5
2.3867136E9,2,0,110.125
2.3867136E9,3,0,86.5
2.3867136E9,4,0,154.625
2.3867136E9,5,0,50.0
2.3867136E9,2,6,16.125
2.3867136E9,4,6,23.625
2.3867136E9,1,7,21.000000000000004
2.3867136E9,2,7,1.875
2.3867136E9,3,7,159.25
2.3867136E9,4,7,130.375
2.3867136E9,5,7,11.25
2.3868E9,1,0,20.25
2.3868E9,2,0,32.625
2.3868E9,3,0,2.0
2.3868E9,4,0,55.875
2.3868E9,5,0,49.5
2.3868E9,4,6,36.0
2.3868E9,2,7,27.0
2.3868E9,3,7,58.50000000000001
2.3868E9,4,7,40.5
2.3868E9,5,7,28.125
2.3868864E9,1,0,105.375
2.3868864E9,3,0,20.25
2.3868864E9,4,0,30.875
2.3868864E9,5,0,126.875
2.3868864E9,2,6,36.75
2.3868864E9,1,7,3.125
2.3868864E9,3,7,2.75
2.3868864E9,4,7,28.0
2.3869728E9,1,0,34.875
2.3869728E9,2,0,110.125
2.3869728E9,3,0,59.625
2.3869728E9,4,0,72.5
2.3869728E9,5,0,126.625
2.3869728E9,2,6,72.875
2.3869728E9,4,6,20.625
2.3869728E9,1,7,29.75
2.3869728E9,3,7,75.75
2.3869728E9,4,7,173.625
2.3869728E9,5,7,71.75
2.3870592E9,1,0,47.875
2.3870592E9,2,0,159.125
2.3870592E9,3,0,81.375
2.3870592E9,4,0,154.875
2.3870592E9,5,0,146.375
2.3870592E9,2,7,18.75
2.3870592E9,3,7,107.75
2.3870592E9,4,7,148.25
2.3871456E9,1,0,64.375
2.3871456E9,2,0,199.75
2.3871456E9,3,0,53.125
2.3871456E9,4,0,191.625
2.3871456E9,5,0,142.625
2.3871456E9,2,6,66.125
2.3871456E9,1,7,28.5
2.3871456E9,2,7,30.375000000000004
2.3871456E9,3,7,67.25
2.3871456E9,4,7,103.25
2.3871456E9,5,7,35.0
2.387232E9,1,0,65.875
2.387232E9,2,0,114.125
2.387232E9,3,0,31.875
2.387232E9,4,0,81.0
2.387232E9,5,0,210.5
2.387232E9,2,6,-4.125
2.387232E9,4,6,29.25
2.387232E9,3,7,84.5
2.387232E9,4,7,80.0
2.387232E9,5,7,7.875
2.3873184E9,1,0,2.75
2.3873184E9,2,0,127.625
2.3873184E9,3,0,42.125
2.3873184E9,4,0,109.75
2.3873184E9,5,0,42.0
2.3873184E9,2,6,18.0
2.3873184E9,4,6,24.75
2.3873184E9,2,7,15.625
2.3873184E9,3,7,158.5
2.3873184E9,4,7,123.0
2.3874048E9,1,0,26.750000000000004
2.3874048E9,2,0,30.375
2.3874048E9,3,0,5.75
2.3874048E9,4,0,119.25
2.3874048E9,5,0,25.500000000000004
2.3874048E9,1,7,18.0
2.3874048E9,2,7,15.750000000000002
2.3874048E9,3,7,155.125
2.3874048E9,4,7,24.75
2.3874048E9,5,7,7.5
2.3874912E9,1,0,141.25
2.3874912E9,2,0,12.0
2.3874912E9,3,0,16.5
2.3874912E9,4,0,46.625
2.3874912E9,5,0,103.25
2.3874912E9,3,7,17.25
2.3874912E9,4,7,88.125
2.3875776E9,1,0,4.0
2.3875776E9,2,0,132.0
2.3875776E9,3,0,90.25
2.3875776E9,4,0,121.75
2.3875776E9,5,0,180.125
2.3875776E9,1,6,34.375
2.3875776E9,2,6,40.125
2.3875776E9,1,7,11.25
2.3875776E9,3,7,93.625
2.3875776E9,4,7,79.25
2.3875776E9,5,7,58.625
2.387664E9,1,0,65.75
2.387664E9,2,0,115.125
2.387664E9,3,0,70.875
2.387664E9,4,0,101.0
2.387664E9,5,0,159.625
2.387664E9,4,6,20.25
2.387664E9,2,7,15.625
2.387664E9,3,7,67.5
2.387664E9,4,7,97.125
2.3877504E9,1,0,72.25
2.3877504E9,2,0,167.5
2.3877504E9,3,0,71.125
2.3877504E9,4,0,185.625
2.3877504E9,5,0,61.75
2.3877504E9,2,6,52.375
2.3877504E9,4,6,3.5
2.3877504E9,2,7,27.0
2.3877504E9,3,7,64.875
2.3877504E9,4,7,70.25
2.3877504E9,5,7,53.625
2.3878368E9,1,0,79.5
2.3878368E9,2,0,61.5
2.3878368E9,3,0,32.25
2.3878368E9,4,0,69.625
2.3878368E9,5,0,229.875
2.3878368E9,2,6,30.25
2.3878368E9,4,6,19.125
2.3878368E9,5,6,29.25
2.3878368E9,1,7,20.25
2.3878368E9,3,7,237.75
2.3878368E9,4,7,114.5
2.3878368E9,5,7,5.625
2.3879232E9,1,0,54.875
2.3879232E9,2,0,139.5
2.3879232E9,3,0,51.625
2.3879232E9,4,0,53.625
2.3879232E9,5,0,48.375
2.3879232E9,2,7,20.625
2.3879232E9,3,7,94.25
2.3879232E9,4,7,170.75
2.3879232E9,5,7,33.75
2.3880096E9,1,0,6.75
2.3880096E9,2,0,90.75
2.3880096E9,3,0,6.0
2.3880096E9,4,0,56.25
2.3880096E9,5,0,40.5
2.3880096E9,2,6,9.75
2.3880096E9,2,7,-2.25
2.3880096E9,3,7,51.0
2.3880096E9,5,7,43.25
2.388096E9,1,0,0.125
2.388096E9,2,0,9.375
2.388096E9,3,0,20.25
2.388096E9,4,0,27.75
2.388096E9,5,0,17.5
2.388096E9,1,7,49.625
2.388096E9,4,7,108.75
2.3881824E9,1,0,4.625
2.3881824E9,2,0,120.25
2.3881824E9,3,0,-2.25
2.3881824E9,4,0,109.5
2.3881824E9,5,0,49.875
2.3881824E9,2,6,96.25
2.3881824E9,1,7,61.75
2.3881824E9,3,7,53.37500000000001
2.3881824E9,4,7,142.75
2.3881824E9,5,7,142.5
2.3882688E9,1,0,103.5
2.3882688E9,2,0,135.5
2.3882688E9,3,0,54.375
2.3882688E9,4,0,154.0
2.3882688E9,5,0,85.5
2.3882688E9,1,7,2.25
2.3882688E9,2,7,14.375
2.3882688E9,3,7,235.625
2.3882688E9,4,7,110.125
2.3882688E9,5,7,123.5
2.3883552E9,1,0,87.0
2.3883552E9,2,0,93.5
2.3883552E9,3,0,85.125
2.3883552E9,4,0,144.0
2.3883552E9,5,0,21.0
2.3883552E9,2,6,62.12500000000001
2.3883552E9,4,6,-2.625
2.3883552E9,1,7,12.5
2.3883552E9,2,7,12.375
2.3883552E9,3,7,122.0
2.3883552E9,4,7,98.375
2.3883552E9,5,7,74.375
2.3884416E9,1,0,32.5
2.3884416E9,2,0,68.25
2.3884416E9,3,0,40.75
2.3884416E9,4,0,30.25
2.3884416E9,5,0,112.625
2.3884416E9,1,6,33.0
2.3884416E9,4,6,34.125
2.3884416E9,1,7,21.875
2.3884416E9,3,7,129.875
2.3884416E9,4,7,70.25
2.3884416E9,5,7,127.0
2.388528E9,1,0,30.625
2.388528E9,2,0,127.75
2.388528E9,3,0,25.625
2.388528E9,4,0,121.625
2.388528E9,5,0,18.0
2.388528E9,1,7,24.75
2.388528E9,2,7,15.0
2.388528E9,3,7,222.25
2.388528E9,4,7,201.125
2.388528E9,5,7,10.0
2.3886144E9,2,0,65.625
2.3886144E9,3,0,74.875
2.3886144E9,4,0,20.5
2.3886144E9,5,0,99.0
2.3886144E9,2,7,31.500000000000004
2.3886144E9,3,7,75.875
2.3886144E9,5,7,113.0
2.3887008E9,1,0,34.625
2.3887008E9,2,0,8.625
2.3887008E9,3,0,18.875
2.3887008E9,4,0,4.0
2.3887008E9,5,0,45.5
2.3887008E9,2,6,33.25
2.3887008E9,4,6,26.25
2.3887008E9,1,7,23.75
2.3887008E9,3,7,123.625
2.3887008E9,4,7,25.375
2.3887872E9,1,0,27.25
2.3887872E9,2,0,88.625
2.3887872E9,3,0,24.75
2.3887872E9,4,0,56.75
2.3887872E9,5,0,88.5
2.3887872E9,1,6,49.5
2.3887872E9,2,6,30.25
2.3887872E9,4,6,20.125
2.3887872E9,1,7,44.5
2.3887872E9,3,7,24.500000000000004
2.3887872E9,4,7,86.5
2.3887872E9,5,7,147.875
2.3888736E9,1,0,49.375
2.3888736E9,2,0,201.375
2.3888736E9,3,0,39.75
2.3888736E9,4,0,173.625
2.3888736E9,5,0,60.0
2.3888736E9,2,7,18.125
2.3888736E9,3,7,211.75
2.3888736E9,4,7,44.75
2.3888736E9,5,7,112.625
2.38896E9,1,0,125.5
2.38896E9,2,0,147.25
2.38896E9,3,0,104.75
2.38896E9,4,0,198.125
2.38896E9,5,0,40.0
2.38896E9,2,6,12.375
2.38896E9,4,6,29.750000000000004
2.38896E9,1,7,98.375
2.38896E9,2,7,31.500000000000004
2.38896E9,3,7,165.375
2.38896E9,4,7,20.75
2.38896E9,5,7,119.625
2.3890464E9,1,0,31.5
2.3890464E9,2,0,180.125
2.3890464E9,3,0,52.25
2.3890464E9,4,0,123.0
2.3890464E9,5,0,34.375
2.3890464E9,1,6,4.125
2.3890464E9,4,6,26.25
2.3890464E9,1,7,17.5
2.3890464E9,3,7,71.125
2.3890464E9,4,7,100.25
2.3890464E9,5,7,36.75
2.3891328E9,1,0,45.5
2.3891328E9,2,0,71.75
2.3891328E9,3,0,52.0
2.3891328E9,4,0,151.5
2.3891328E9,5,0,65.375
2.3891328E9,1,7,13.5
2.3891328E9,2,7,27.5
2.3891328E9,3,7,211.5
2.3891328E9,4,7,154.125
2.3891328E9,5,7,104.5
2.3892192E9,1,0,3.5000000000000004
2.3892192E9,2,0,109.125
2.3892192E9,3,0,-4.0
2.3892192E9,4,0,118.75
2.3892192E9,5,0,34.5
2.3892192E9,1,6,28.875
2.3892192E9,2,7,18.0
2.3892192E9,3,7,206.75
2.3892192E9,4,7,58.5
2.3892192E9,5,7,78.125
2.3893056E9,1,0,115.5
2.3893056E9,2,0,12.0
2.3893056E9,3,0,22.5
2.3893056E9,4,0,37.875
2.3893056E9,5,0,54.875
2.3893056E9,4,6,4.375
2.3893056E9,1,7,46.625
2.3893056E9,3,7,0.0
2.3893056E9,5,7,41.0
2.389392E9,1,0,52.125
2.389392E9,2,0,84.25
2.389392E9,3,0,15.75
2.389392E9,4,0,50.75
2.389392E9,5,0,61.0
2.389392E9,2,6,83.875
2.389392E9,4,6,70.25
2.389392E9,1,7,101.5
2.389392E9,3,7,67.5
2.389392E9,4,7,137.375
2.389392E9,5,7,234.125
2.3894784E9,1,0,97.25
2.3894784E9,2,0,138.125
2.3894784E9,3,0,91.75
2.3894784E9,4,0,55.25
2.3894784E9,5,0,79.5
2.3894784E9,1,7,47.25
2.3894784E9,2,7,37.125
2.3894784E9,3,7,145.5
2.3894784E9,4,7,89.25
2.3894784E9,5,7,86.0
2.3895648E9,1,0,4.25
2.3895648E9,2,0,162.875
2.3895648E9,3,0,97.25
2.3895648E9,4,0,265.125
2.3895648E9,5,0,55.5
2.3895648E9,1,6,-2.625
2.3895648E9,2,6,60.5
2.3895648E9,4,6,63.375
2.3895648E9,1,7,126.25
2.3895648E9,2,7,37.125
2.3895648E9,3,7,335.25
2.3895648E9,4,7,98.875
2.3895648E9,5,7,130.625
2.3896512E9,1,0,94.25
2.3896512E9,2,0,72.37500000000001
2.3896512E9,3,0,29.25
2.3896512E9,4,0,78.0
2.3896512E9,5,0,42.5
2.3896512E9,2,6,31.625
2.3896512E9,4,6,20.375
2.3896512E9,1,7,28.125
2.3896512E9,2,7,42.00000000000001
2.3896512E9,3,7,92.125
2.3896512E9,4,7,229.125
2.3896512E9,5,7,94.875
2.3897376E9,1,0,76.875
2.3897376E9,2,0,104.875
2.3897376E9,3,0,43.125
2.3897376E9,4,0,133.75
2.3897376E9,2,7,12.5
2.3897376E9,3,7,140.25
2.3897376E9,4,7,76.5
2.3897376E9,5,7,88.5
2.389824E9,1,0,8.5
2.389824E9,2,0,75.375
2.389824E9,3,0,31.875
2.389824E9,4,0,51.625
2.389824E9,5,0,37.75
2.389824E9,1,7,41.75
2.389824E9,2,7,21.375
2.389824E9,3,7,142.125
2.389824E9,4,7,119.875
2.389824E9,5,7,34.125
2.3899104E9,1,0,76.0
2.3899104E9,2,0,12.375
2.3899104E9,3,0,15.75
2.3899104E9,4,0,19.750000000000004
2.3899104E9,5,0,27.125
2.3899104E9,4,6,14.5
2.3899104E9,1,7,10.625
2.3899104E9,2,7,40.5
2.3899104E9,3,7,34.875
2.3899104E9,5,7,0.0
2.3899968E9,1,0,62.75
2.3899968E9,2,0,164.0
2.3899968E9,3,0,2.25
2.3899968E9,4,0,2.0
2.3899968E9,5,0,124.875
2.3899968E9,1,6,19.250000000000004
2.3899968E9,2,6,17.875
2.3899968E9,4,6,47.125
2.3899968E9,1,7,88.25
2.3899968E9,3,7,158.5
2.3899968E9,4,7,109.75
2.3899968E9,5,7,186.875
2.3900832E9,1,0,12.5
2.3900832E9,2,0,107.5
2.3900832E9,3,0,40.75
2.3900832E9,4,0,134.25
2.3900832E9,5,0,51.5
2.3900832E9,2,6,32.625
2.3900832E9,1,7,57.0
2.3900832E9,2,7,27.875
2.3900832E9,3,7,175.25
2.3900832E9,4,7,133.625
2.3900832E9,5,7,86.0
2.3901696E9,1,0,166.0
2.3901696E9,2,0,156.625
2.3901696E9,3,0,97.375
2.3901696E9,4,0,153.375
2.3901696E9,5,0,99.375
2.3901696E9,2,6,1.375
2.3901696E9,4,6,51.625
2.3901696E9,1,7,93.25
2.3901696E9,2,7,81.0
2.3901696E9,3,7,248.875
2.3901696E9,4,7,134.0
2.3901696E9,5,7,77.875
2.390256E9,1,0,56.5
2.390256E9,2,0,106.875
2.390256E9,3,0,136.5
2.390256E9,4,0,98.5
2.390256E9,5,0,102.75
2.390256E9,1,6,60.25
2.390256E9,4,6,118.375
2.390256E9,1,7,36.5
2.390256E9,3,7,87.0
2.390256E9,4,7,190.5
2.390256E9,5,7,179.375
2.3903424E9,1,0,62.625
2.3903424E9,2,0,109.5
2.3903424E9,3,0,28.0
2.3903424E9,4,0,161.875
2.3903424E9,2,6,41.625
2.3903424E9,1,7,31.0
2.3903424E9,2,7,13.125
2.3903424E9,3,7,177.125
2.3903424E9,4,7,266.5
2.3903424E9,5,7,64.875
2.3904288E9,1,0,22.5
2.3904288E9,2,0,82.125
2.3904288E9,3,0,88.5
2.3904288E9,4,0,140.75
2.3904288E9,5,0,83.75
2.3904288E9,3,6,2.875
2.3904288E9,1,7,56.125
2.3904288E9,2,7,30.375000000000004
2.3904288E9,3,7,196.125
2.3904288E9,4,7,89.375
2.3904288E9,5,7,41.5
2.3905152E9,1,0,40.875
2.3905152E9,2,0,9.0
2.3905152E9,3,0,17.25
2.3905152E9,4,0,28.25
2.3905152E9,5,0,27.125
2.3905152E9,4,6,2.25
2.3905152E9,1,7,43.75
2.3905152E9,2,7,46.5
2.3905152E9,3,7,50.625
2.3905152E9,4,7,52.875
2.3905152E9,5,7,2.0
2.3906016E9,1,0,21.125
2.3906016E9,2,0,184.25
2.3906016E9,3,0,1.5
2.3906016E9,4,0,13.0
2.3906016E9,5,0,12.5
2.3906016E9,2,6,41.25
2.3906016E9,4,6,76.625
2.3906016E9,1,7,75.25
2.3906016E9,2,7,-1.5
2.3906016E9,3,7,115.875
2.3906016E9,4,7,157.0
2.3906016E9,5,7,147.75
2.390688E9,1,0,95.25
2.390688E9,2,0,129.875
2.390688E9,3,0,94.5
2.390688E9,4,0,104.875
2.390688E9,5,0,61.875
2.390688E9,2,6,-4.5
2.390688E9,3,6,51.0
2.390688E9,4,6,20.25
2.390688E9,1,7,63.75
2.390688E9,2,7,18.75
2.390688E9,3,7,146.125
2.390688E9,4,7,145.125
2.390688E9,5,7,117.5
2.3907744E9,1,0,70.375
2.3907744E9,2,0,217.5
2.3907744E9,3,0,100.625
2.3907744E9,4,0,135.875
2.3907744E9,5,0,74.125
2.3907744E9,1,6,27.125
2.3907744E9,4,6,69.5
2.3907744E9,1,7,146.125
2.3907744E9,2,7,-4.5
2.3907744E9,3,7,155.875
2.3907744E9,4,7,207.375
2.3907744E9,5,7,151.625
2.3908608E9,1,0,23.625
2.3908608E9,2,0,185.5
2.3908608E9,3,0,8.25
2.3908608E9,4,0,54.0
2.3908608E9,5,0,123.75
2.3908608E9,4,6,135.125
2.3908608E9,1,7,116.625
2.3908608E9,3,7,165.25
2.3908608E9,4,7,112.875
2.3908608E9,5,7,112.0
2.3909472E9,1,0,53.625
2.3909472E9,2,0,104.625
2.3909472E9,3,0,89.0
2.3909472E9,4,0,109.125
2.3909472E9,5,0,75.625
2.3909472E9,2,6,32.625
2.3909472E9,3,6,38.25
2.3909472E9,1,7,49.875
2.3909472E9,2,7,20.0
2.3909472E9,3,7,228.25
2.3909472E9,4,7,177.125
2.3909472E9,5,7,55.5
2.3910336E9,1,0,9.5
2.3910336E9,2,0,157.875
2.3910336E9,3,0,63.0
2.3910336E9,4,0,112.0
2.3910336E9,5,0,57.75
2.3910336E9,3,6,-0.625
2.3910336E9,1,7,38.25
2.3910336E9,3,7,83.0
2.3910336E9,4,7,92.5
2.3910336E9,5,7,61.625
2.39112E9,1,0,107.75
2.39112E9,2,0,40.875
2.39112E9,3,0,40.375
2.39112E9,4,0,28.000000000000004
2.39112E9,5,0,15.000000000000002
2.39112E9,1,6,-3.125
2.39112E9,5,6,78.875
2.39112E9,1,7,23.25
2.39112E9,3,7,42.375
2.39112E9,4,7,62.375
2.39112E9,5,7,17.5
2.3912064E9,1,0,57.25
2.3912064E9,2,0,210.5
2.3912064E9,3,0,37.5
2.3912064E9,4,0,20.5
2.3912064E9,5,0,92.25000000000001
2.3912064E9,1,6,18.125
2.3912064E9,4,6,61.25
2.3912064E9,5,6,26.0
2.3912064E9,1,7,64.625
2.3912064E9,3,7,83.875
2.3912064E9,4,7,200.75
2.3912064E9,5,7,147.25
2.3912928E9,1,0,75.875
2.3912928E9,2,0,193.875
2.3912928E9,3,0,104.25
2.3912928E9,4,0,130.125
2.3912928E9,5,0,113.5
2.3912928E9,2,6,34.875
2.3912928E9,3,6,26.0
2.3912928E9,4,6,-5.625
2.3912928E9,1,7,109.25
2.3912928E9,2,7,27.5
2.3912928E9,3,7,145.125
2.3912928E9,4,7,259.625
2.3912928E9,5,7,170.25
2.3913792E9,1,0,13.5
2.3913792E9,2,0,221.0
2.3913792E9,3,0,133.5
2.3913792E9,4,0,65.0
2.3913792E9,5,0,186.0
2.3913792E9,1,6,16.25
2.3913792E9,2,6,18.375
2.3913792E9,4,6,12.250000000000002
2.3913792E9,1,7,153.875
2.3913792E9,3,7,264.375
2.3913792E9,4,7,210.375
2.3913792E9,5,7,139.375
2.3914656E9,1,0,2.25
2.3914656E9,2,0,129.375
2.3914656E9,3,0,127.625
2.3914656E9,4,0,49.0
2.3914656E9,5,0,40.25
2.3914656E9,1,6,18.75
2.3914656E9,2,6,24.0
2.3914656E9,4,6,105.0
2.3914656E9,1,7,63.375
2.3914656E9,2,7,22.5
2.3914656E9,3,7,66.0
2.3914656E9,4,7,179.875
2.3914656E9,5,7,118.5
2.391552E9,1,0,76.75
2.391552E9,2,0,115.25
2.391552E9,3,0,72.75
2.391552E9,4,0,1.625
2.391552E9,5,0,121.625
2.391552E9,2,6,24.75
2.391552E9,1,7,73.125
2.391552E9,2,7,46.125
2.391552E9,3,7,136.625
2.391552E9,4,7,215.625
2.391552E9,5,7,127.625
2.3916384E9,1,0,4.0
2.3916384E9,2,0,102.0
2.3916384E9,3,0,31.75
2.3916384E9,4,0,88.875
2.3916384E9,5,0,38.25
2.3916384E9,2,6,24.0
2.3916384E9,3,6,4.125
2.3916384E9,1,7,59.625
2.3916384E9,3,7,69.5
2.3916384E9,4,7,103.75
2.3916384E9,5,7,32.5
2.3917248E9,2,0,52.12500000000001
2.3917248E9,3,0,57.375
2.3917248E9,4,0,31.25
2.3917248E9,5,0,2.25
2.3917248E9,1,6,33.25
2.3917248E9,4,6,42.125
2.3917248E9,3,7,73.625
2.3917248E9,4,7,62.75
2.3918112E9,1,0,102.25
2.3918112E9,2,0,123.625
2.3918112E9,3,0,2.25
2.3918112E9,4,0,90.75
2.3918112E9,5,0,140.25
2.3918112E9,1,6,20.625
2.3918112E9,4,6,40.0
2.3918112E9,1,7,128.75
2.3918112E9,2,7,33.75
2.3918112E9,3,7,193.625
2.3918112E9,4,7,110.875
2.3918112E9,5,7,260.375
2.3918976E9,2,0,171.875
2.3918976E9,3,0,112.25
2.3918976E9,4,0,52.75
2.3918976E9,5,0,110.25
2.3918976E9,2,6,28.125
2.3918976E9,3,6,33.875
2.3918976E9,4,6,42.75
2.3918976E9,5,6,10.875
2.3918976E9,1,7,66.0
2.3918976E9,2,7,29.375
2.3918976E9,3,7,117.375
2.3918976E9,4,7,60.125
2.3918976E9,5,7,118.875
2.391984E9,1,0,50.625
2.391984E9,2,0,248.125
2.391984E9,3,0,89.125
2.391984E9,4,0,94.125
2.391984E9,5,0,76.125
2.391984E9,1,6,16.875
2.391984E9,4,6,85.875
2.391984E9,1,7,58.375
2.391984E9,3,7,316.5
2.391984E9,4,7,373.0
2.391984E9,5,7,109.25
2.3920704E9,2,0,127.125
2.3920704E9,3,0,132.875
2.3920704E9,4,0,57.25000000000001
2.3920704E9,5,0,150.125
2.3920704E9,1,6,-0.625
2.3920704E9,2,6,24.75
2.3920704E9,4,6,144.875
2.3920704E9,1,7,106.375
2.3920704E9,2,7,20.25
2.3920704E9,3,7,110.875
2.3920704E9,4,7,254.875
2.3920704E9,5,7,98.0
2.3921568E9,1,0,91.0
2.3921568E9,2,0,58.625
2.3921568E9,3,0,39.25
2.3921568E9,4,0,61.0
2.3921568E9,5,0,101.0
2.3921568E9,2,6,32.625
2.3921568E9,3,6,65.25
2.3921568E9,5,6,13.0
2.3921568E9,1,7,-3.125
2.3921568E9,3,7,351.125
2.3921568E9,4,7,84.75
2.3921568E9,5,7,88.5
2.3922432E9,2,0,69.375
2.3922432E9,3,0,52.625
2.3922432E9,4,0,83.375
2.3922432E9,5,0,43.75
2.3922432E9,1,6,21.875
2.3922432E9,3,6,3.0
2.3922432E9,1,7,50.5
2.3922432E9,2,7,54.125
2.3922432E9,3,7,98.25
2.3922432E9,4,7,154.75
2.3922432E9,5,7,62.375
2.3923296E9,2,0,52.875
2.3923296E9,3,0,76.625
2.3923296E9,4,0,55.125
2.3923296E9,5,0,29.625000000000004
2.3923296E9,1,6,16.25
2.3923296E9,4,6,39.625
2.3923296E9,5,6,66.625
2.3923296E9,1,7,24.75
2.3923296E9,3,7,144.375
2.3923296E9,4,7,28.25
2.3923296E9,5,7,28.875
2.392416E9,1,0,42.75
2.392416E9,2,0,225.5
2.392416E9,3,0,24.000000000000004
2.392416E9,4,0,19.625
2.392416E9,5,0,69.625
2.392416E9,1,6,3.75
2.392416E9,4,6,118.875
2.392416E9,1,7,27.625
2.392416E9,2,7,42.75
2.392416E9,3,7,147.25
2.392416E9,4,7,134.75
2.392416E9,5,7,218.125
2.3925024E9,1,0,5.25
2.3925024E9,2,0,130.5
2.3925024E9,3,0,70.625
2.3925024E9,4,0,29.750000000000004
2.3925024E9,5,0,190.625
2.3925024E9,2,6,38.25
2.3925024E9,3,6,34.875
2.3925024E9,4,6,38.25
2.3925024E9,5,6,14.000000000000002
2.3925024E9,1,7,67.25
2.3925024E9,2,7,47.75
2.3925024E9,3,7,226.75
2.3925024E9,4,7,260.0
2.3925024E9,5,7,133.0
2.3925888E9,1,0,44.25
2.3925888E9,2,0,230.375
2.3925888E9,3,0,122.25
2.3925888E9,4,0,164.75
2.3925888E9,5,0,181.375
2.3925888E9,1,6,15.625
2.3925888E9,2,6,15.75
2.3925888E9,4,6,80.875
2.3925888E9,1,7,103.375
2.3925888E9,3,7,247.25
2.3925888E9,4,7,138.25
2.3925888E9,5,7,59.5
2.3926752E9,1,0,36.0
2.3926752E9,2,0,166.875
2.3926752E9,3,0,29.625
2.3926752E9,4,0,92.625
2.3926752E9,5,0,34.125
2.3926752E9,1,6,7.5
2.3926752E9,2,6,62.0
2.3926752E9,4,6,137.0
2.3926752E9,1,7,69.125
2.3926752E9,2,7,36.0
2.3926752E9,3,7,21.5
2.3926752E9,4,7,156.25
2.3926752E9,5,7,166.875
2.3927616E9,1,0,58.5
2.3927616E9,2,0,80.625
2.3927616E9,3,0,97.125
2.3927616E9,4,0,70.375
2.3927616E9,5,0,112.5
2.3927616E9,2,6,27.0
2.3927616E9,3,6,28.125
2.3927616E9,5,6,23.0
2.3927616E9,1,7,51.25000000000001
2.3927616E9,3,7,224.25
2.3927616E9,4,7,283.25
2.3927616E9,5,7,154.25
2.392848E9,1,0,11.75
2.392848E9,2,0,131.625
2.392848E9,3,0,95.375
2.392848E9,4,0,55.625
2.392848E9,5,0,58.25
2.392848E9,1,7,41.625
2.392848E9,2,7,40.5
2.392848E9,3,7,174.0
2.392848E9,4,7,139.0
2.392848E9,5,7,54.25
2.3929344E9,1,0,60.0
2.3929344E9,2,0,56.75
2.3929344E9,3,0,12.750000000000002
2.3929344E9,4,0,24.0
2.3929344E9,5,0,40.625
2.3929344E9,1,6,15.625
2.3929344E9,4,6,118.0
2.3929344E9,1,7,27.0
2.3929344E9,3,7,17.25
2.3929344E9,4,7,0.25
2.3930208E9,1,0,113.0
2.3930208E9,2,0,143.125
2.3930208E9,3,0,55.625
2.3930208E9,4,0,74.375
2.3930208E9,5,0,64.5
2.3930208E9,1,6,11.875
2.3930208E9,2,6,38.5
2.3930208E9,4,6,100.125
2.3930208E9,1,7,93.625
2.3930208E9,2,7,38.25
2.3930208E9,3,7,73.25
2.3930208E9,4,7,129.75
2.3930208E9,5,7,174.0
2.3931072E9,1,0,6.25
2.3931072E9,2,0,128.25
2.3931072E9,3,0,112.125
2.3931072E9,4,0,154.625
2.3931072E9,5,0,163.75
2.3931072E9,2,6,71.875
2.3931072E9,3,6,21.25
2.3931072E9,4,6,54.125
2.3931072E9,5,6,15.5
2.3931072E9,1,7,51.125
2.3931072E9,2,7,30.0
2.3931072E9,3,7,181.125
2.3931072E9,4,7,153.125
2.3931072E9,5,7,156.125
2.3931936E9,1,0,89.375
2.3931936E9,2,0,237.625
2.3931936E9,3,0,154.625
2.3931936E9,4,0,287.875
2.3931936E9,5,0,136.375
2.3931936E9,1,6,42.75
2.3931936E9,4,6,144.125
2.3931936E9,1,7,71.625
2.3931936E9,2,7,14.375
2.3931936E9,3,7,372.375
2.3931936E9,4,7,164.0
2.3931936E9,5,7,121.0
2.39328E9,1,0,24.375
2.39328E9,2,0,121.125
2.39328E9,3,0,100.125
2.39328E9,4,0,79.25
2.39328E9,5,0,85.875
2.39328E9,1,6,7.5
2.39328E9,2,6,45.5
2.39328E9,4,6,145.5
2.39328E9,1,7,54.125
2.39328E9,2,7,33.75
2.39328E9,3,7,106.875
2.39328E9,4,7,15.0
2.39328E9,5,7,217.0
2.3933664E9,1,0,15.0
2.3933664E9,2,0,199.75
2.3933664E9,3,0,49.75
2.3933664E9,4,0,54.375
2.3933664E9,5,0,22.375000000000004
2.3933664E9,2,6,57.375
2.3933664E9,3,6,48.375
2.3933664E9,4,6,39.5
2.3933664E9,5,6,14.000000000000002
2.3933664E9,1,7,100.5
2.3933664E9,3,7,17.5
2.3933664E9,4,7,261.5
2.3933664E9,5,7,53.25
2.3934528E9,1,0,4.0
2.3934528E9,2,0,97.875
2.3934528E9,3,0,113.25
2.3934528E9,4,0,30.0
2.3934528E9,5,0,68.125
2.3934528E9,3,6,-0.125
2.3934528E9,1,7,21.625
2.3934528E9,2,7,23.0
2.3934528E9,3,7,41.75
2.3934528E9,4,7,89.5
2.3934528E9,5,7,32.5
2.3935392E9,2,0,119.375
2.3935392E9,3,0,92.625
2.3935392E9,4,0,62.25
2.3935392E9,5,0,91.5
2.3935392E9,1,6,34.375
2.3935392E9,4,6,92.0
2.3935392E9,5,6,32.0
2.3935392E9,1,7,30.0
2.3935392E9,3,7,13.0
2.3935392E9,4,7,11.75
2.3935392E9,5,7,4.75
2.3936256E9,1,0,0.0
2.3936256E9,2,0,189.75
2.3936256E9,3,0,87.375
2.3936256E9,4,0,84.0
2.3936256E9,5,0,35.875
2.3936256E9,2,6,36.75
2.3936256E9,4,6,183.25
2.3936256E9,5,6,19.375
2.3936256E9,1,7,117.375
2.3936256E9,2,7,32.625
2.3936256E9,3,7,52.5
2.3936256E9,4,7,115.0
2.3936256E9,5,7,36.0
2.393712E9,1,0,7.5
2.393712E9,2,0,125.875
2.393712E9,3,0,151.875
2.393712E9,4,0,151.5
2.393712E9,5,0,156.0
2.393712E9,2,6,105.875
2.393712E9,3,6,72.0
2.393712E9,4,6,53.75
2.393712E9,1,7,93.25
2.393712E9,2,7,21.0
2.393712E9,3,7,19.375
2.393712E9,5,7,130.125
2.3937984E9,1,0,1.875
2.3937984E9,2,0,332.875
2.3937984E9,3,0,53.5
2.3937984E9,4,0,102.0
2.3937984E9,5,0,106.0
2.3937984E9,1,6,13.125
2.3937984E9,3,6,9.5
2.3937984E9,4,6,120.375
2.3937984E9,1,7,146.125
2.3937984E9,3,7,128.5
2.3937984E9,4,7,115.625
2.3937984E9,5,7,30.25
2.3938848E9,1,0,39.5
2.3938848E9,2,0,75.375
2.3938848E9,3,0,56.25000000000001
2.3938848E9,4,0,237.75
2.3938848E9,5,0,21.875
2.3938848E9,1,6,17.5
2.3938848E9,2,6,12.25
2.3938848E9,4,6,89.625
2.3938848E9,1,7,41.125
2.3938848E9,2,7,24.75
2.3938848E9,3,7,62.25
2.3938848E9,4,7,131.5
2.3938848E9,5,7,214.625
2.3939712E9,1,0,46.75
2.3939712E9,2,0,98.25
2.3939712E9,3,0,84.75
2.3939712E9,4,0,48.0
2.3939712E9,5,0,100.25
2.3939712E9,2,6,80.25
2.3939712E9,3,6,24.75
2.3939712E9,4,6,37.5
2.3939712E9,5,6,5.5
2.3939712E9,1,7,39.875
2.3939712E9,3,7,61.25
2.3939712E9,4,7,55.375
2.3939712E9,5,7,52.25
2.3940576E9,1,0,9.0
2.3940576E9,2,0,126.5
2.3940576E9,3,0,47.125
2.3940576E9,4,0,32.25
2.3940576E9,5,0,45.25
2.3940576E9,1,6,1.75
2.3940576E9,3,6,4.375
2.3940576E9,1,7,3.25
2.3940576E9,2,7,40.75
2.3940576E9,3,7,42.5
2.3940576E9,4,7,33.875
2.3940576E9,5,7,47.5
2.394144E9,2,0,27.75
2.394144E9,3,0,27.5
2.394144E9,4,0,49.75
2.394144E9,5,0,27.125000000000004
2.394144E9,1,6,20.625
2.394144E9,2,6,23.25
2.394144E9,4,6,64.0
2.394144E9,3,7,-1.25
2.394144E9,4,7,82.0
2.394144E9,5,7,7.25
2.3942304E9,1,0,50.625
2.3942304E9,2,0,195.125
2.3942304E9,3,0,38.625
2.3942304E9,4,0,156.0
2.3942304E9,5,0,220.375
2.3942304E9,1,6,54.625
2.3942304E9,2,6,-1.75
2.3942304E9,4,6,175.75
2.3942304E9,5,6,19.375
2.3942304E9,1,7,28.25
2.3942304E9,2,7,39.375
2.3942304E9,3,7,41.25
2.3942304E9,4,7,121.125
2.3942304E9,5,7,120.75
2.3943168E9,1,0,78.875
2.3943168E9,2,0,56.125
2.3943168E9,3,0,98.75
2.3943168E9,4,0,92.5
2.3943168E9,5,0,72.375
2.3943168E9,2,6,107.875
2.3943168E9,3,6,61.625
2.3943168E9,4,6,33.25
2.3943168E9,5,6,17.5
2.3943168E9,1,7,34.125
2.3943168E9,2,7,30.0
2.3943168E9,3,7,55.0
2.3943168E9,4,7,69.0
2.3943168E9,5,7,32.0
2.3944032E9,1,0,71.5
2.3944032E9,2,0,312.75
2.3944032E9,3,0,48.375
2.3944032E9,4,0,121.125
2.3944032E9,5,0,148.375
2.3944032E9,1,6,1.125
2.3944032E9,2,6,0.875
2.3944032E9,3,6,13.0
2.3944032E9,4,6,236.625
2.3944032E9,5,6,26.875
2.3944032E9,1,7,14.875
2.3944032E9,2,7,15.0
2.3944032E9,3,7,80.75
2.3944032E9,4,7,73.125
2.3944032E9,5,7,7.000000000000001
2.3944896E9,1,0,52.125
2.3944896E9,2,0,33.0
2.3944896E9,3,0,77.0
2.3944896E9,4,0,159.25
2.3944896E9,5,0,116.75
2.3944896E9,1,6,19.375
2.3944896E9,2,6,104.75
2.3944896E9,4,6,53.0
2.3944896E9,5,6,23.375
2.3944896E9,2,7,29.25
2.3944896E9,3,7,80.5
2.3944896E9,4,7,149.375
2.3944896E9,5,7,49.75
2.394576E9,1,0,70.875
2.394576E9,2,0,85.25
2.394576E9,3,0,55.25
2.394576E9,4,0,82.75
2.394576E9,5,0,36.0
2.394576E9,2,6,75.375
2.394576E9,3,6,19.125
2.394576E9,4,6,6.125
2.394576E9,5,6,10.0
2.394576E9,1,7,15.374999999999998
2.394576E9,3,7,23.375
2.394576E9,4,7,122.125
2.394576E9,5,7,61.375
2.3946624E9,1,0,6.0
2.3946624E9,2,0,135.5
2.3946624E9,3,0,109.0
2.3946624E9,4,0,55.5
2.3946624E9,5,0,145.625
2.3946624E9,1,6,31.500000000000004
2.3946624E9,2,6,57.75
2.3946624E9,3,6,3.875
2.3946624E9,1,7,44.25
2.3946624E9,2,7,32.5
2.3946624E9,3,7,41.125
2.3946624E9,4,7,-2.0
2.3946624E9,5,7,63.0
2.3947488E9,1,0,45.0
2.3947488E9,2,0,28.5
2.3947488E9,3,0,45.625
2.3947488E9,4,0,23.625
2.3947488E9,5,0,18.5
2.3947488E9,1,6,19.375
2.3947488E9,2,6,21.75
2.3947488E9,4,6,63.5
2.3947488E9,1,7,21.75
2.3947488E9,3,7,62.75
2.3947488E9,4,7,30.750000000000004
2.3947488E9,5,7,8.25
2.3948352E9,1,0,98.875
2.3948352E9,2,0,165.25
2.3948352E9,3,0,127.625
2.3948352E9,4,0,102.375
2.3948352E9,5,0,52.5
2.3948352E9,1,6,55.75
2.3948352E9,2,6,1.75
2.3948352E9,4,6,69.25
2.3948352E9,5,6,35.0
2.3948352E9,1,7,30.0
2.3948352E9,2,7,29.25
2.3948352E9,3,7,25.000000000000004
2.3948352E9,4,7,202.5
2.3948352E9,5,7,64.75
2.3949216E9,1,0,67.875
2.3949216E9,2,0,117.875
2.3949216E9,3,0,153.875
2.3949216E9,4,0,181.75
2.3949216E9,5,0,71.375
2.3949216E9,2,6,132.0
2.3949216E9,3,6,37.125
2.3949216E9,4,6,31.375
2.3949216E9,1,7,56.125
2.3949216E9,2,7,18.375
2.3949216E9,3,7,103.25
2.3949216E9,4,7,144.625
2.3949216E9,5,7,56.5
2.395008E9,1,0,52.5
2.395008E9,2,0,263.75
2.395008E9,3,0,164.125
2.395008E9,4,0,95.625
2.395008E9,5,0,165.75
2.395008E9,1,6,17.5
2.395008E9,2,6,20.125
2.395008E9,3,6,17.0
2.395008E9,4,6,140.375
2.395008E9,5,6,38.625
2.395008E9,1,7,-1.375
2.395008E9,2,7,13.125
2.395008E9,3,7,6.25
2.395008E9,4,7,90.5
2.395008E9,5,7,60.75
2.3950944E9,1,0,221.875
2.3950944E9,2,0,211.625
2.3950944E9,3,0,24.25
2.3950944E9,4,0,145.375
2.3950944E9,5,0,109.125
2.3950944E9,1,6,52.75
2.3950944E9,2,6,111.25
2.3950944E9,4,6,211.875
2.3950944E9,1,7,43.875
2.3950944E9,2,7,39.375
2.3950944E9,3,7,61.375
2.3950944E9,4,7,302.0
2.3950944E9,5,7,93.125
2.3951808E9,1,0,23.375
2.3951808E9,2,0,52.625
2.3951808E9,3,0,44.0
2.3951808E9,4,0,60.625
2.3951808E9,2,6,99.375
2.3951808E9,3,6,37.125
2.3951808E9,4,6,21.375
2.3951808E9,1,7,108.125
2.3951808E9,3,7,44.125
2.3951808E9,4,7,115.375
2.3951808E9,5,7,85.625
2.3952672E9,1,0,8.75
2.3952672E9,2,0,167.25
2.3952672E9,3,0,139.875
2.3952672E9,4,0,38.125
2.3952672E9,5,0,23.5
2.3952672E9,1,6,34.875
2.3952672E9,2,6,27.5
2.3952672E9,3,6,2.625
2.3952672E9,5,6,11.5
2.3952672E9,1,7,10.5
2.3952672E9,2,7,59.0
2.3952672E9,3,7,38.0
2.3952672E9,4,7,96.5
2.3952672E9,5,7,34.0
2.3953536E9,1,0,61.75
2.3953536E9,2,0,37.5
2.3953536E9,3,0,96.5
2.3953536E9,4,0,114.75
2.3953536E9,5,0,92.875
2.3953536E9,1,6,6.25
2.3953536E9,2,6,35.87500000000001
2.3953536E9,3,6,-2.0
2.3953536E9,4,6,21.0
2.3953536E9,3,7,36.0
2.3953536E9,4,7,101.75
2.3953536E9,5,7,27.125
2.39544E9,1,0,62.25
2.39544E9,2,0,178.75
2.39544E9,3,0,120.25
2.39544E9,4,0,132.5
2.39544E9,5,0,48.25
2.39544E9,1,6,54.375
2.39544E9,2,6,24.500000000000004
2.39544E9,4,6,182.5
2.39544E9,5,6,-1.0
2.39544E9,1,7,78.125
2.39544E9,2,7,25.875
2.39544E9,3,7,75.375
2.39544E9,4,7,199.875
2.39544E9,5,7,115.75
2.3955264E9,1,0,64.625
2.3955264E9,2,0,159.125
2.3955264E9,3,0,134.0
2.3955264E9,4,0,126.875
2.3955264E9,1,6,81.375
2.3955264E9,2,6,128.875
2.3955264E9,3,6,64.125
2.3955264E9,4,6,106.0
2.3955264E9,1,7,103.5
2.3955264E9,2,7,44.625
2.3955264E9,3,7,50.125
2.3955264E9,4,7,156.0
2.3955264E9,5,7,42.25
2.3956128E9,1,0,60.625
2.3956128E9,2,0,264.75
2.3956128E9,3,0,140.5
2.3956128E9,4,0,136.125
2.3956128E9,5,0,179.75
2.3956128E9,1,6,8.25
2.3956128E9,3,6,4.0
2.3956128E9,4,6,174.75
2.3956128E9,5,6,70.125
2.3956128E9,1,7,70.125
2.3956128E9,3,7,148.0
2.3956128E9,4,7,144.625
2.3956128E9,5,7,76.25
