30,122,57,1.0
30,122,27,1.0
30,122,185,1.0
30,122,151,1.0
30,122,158,1.0
30,122,115,1.0
30,122,191,1.0
30,122,105,1.0
30,122,132,1.0
30,122,19,1.0
30,122,52,1.0
30,122,14,1.0
30,122,21,1.0
30,122,56,1.0
30,122,99,1.0
30,122,31,1.0
30,122,59,1.0
30,122,107,1.0
30,122,80,1.0
30,122,48,1.0
30,122,35,1.0
30,122,144,1.0
30,142,56,1.0
30,142,176,1.0
30,142,101,1.0
30,142,119,1.0
30,142,21,1.0
30,122,123,2.0
30,122,3,2.0
30,122,186,2.0
30,122,134,2.0
30,122,47,2.0
30,122,34,2.0
30,122,40,2.0
30,122,45,2.0
30,122,136,2.0
30,122,41,2.0
30,122,17,2.0
30,122,181,2.0
30,122,116,2.0
30,122,24,2.0
30,122,86,2.0
30,122,32,2.0
30,122,87,2.0
30,122,49,2.0
30,122,74,2.0
30,142,3,2.0
30,142,105,2.0
30,142,130,2.0
30,142,177,2.0
30,142,117,2.0
30,142,141,2.0
30,122,2,3.0
30,122,188,3.0
30,122,6,3.0
30,122,25,3.0
30,122,67,3.0
30,122,16,3.0
30,122,85,3.0
30,122,111,3.0
30,122,168,3.0
30,122,102,3.0
30,122,100,3.0
30,122,78,3.0
30,122,76,3.0
30,122,106,3.0
30,122,26,3.0
30,122,135,3.0
30,122,170,3.0
30,142,143,3.0
30,142,190,3.0
30,142,148,3.0
30,142,39,3.0
30,142,159,3.0
30,142,26,3.0
30,121,165,4.0
30,121,95,4.0
30,122,89,4.0
30,122,37,4.0
30,122,61,4.0
30,122,171,4.0
30,122,77,4.0
30,122,178,4.0
30,122,63,4.0
30,122,109,4.0
30,142,163,4.0
30,142,11,4.0
30,142,90,4.0
30,121,71,5.0
30,122,88,5.0
30,122,53,5.0
30,122,137,5.0
30,122,159,5.0
30,122,176,5.0
30,122,58,5.0
30,122,131,5.0
30,122,101,5.0
30,122,12,5.0
30,122,143,5.0
30,122,62,5.0
30,142,112,5.0
30,142,75,5.0
30,142,58,5.0
30,142,77,5.0
30,142,154,5.0
30,121,166,6.0
30,121,79,6.0
30,122,117,6.0
30,122,38,6.0
30,122,140,6.0
30,122,33,6.0
30,122,23,6.0
30,122,50,6.0
30,122,174,6.0
30,122,150,6.0
30,142,104,6.0
30,142,29,6.0
30,142,94,6.0
30,142,53,6.0
30,142,140,6.0
30,142,174,6.0
30,142,33,6.0
30,142,23,6.0
30,142,61,6.0
30,122,154,7.0
30,122,69,7.0
30,122,167,7.0
30,122,11,7.0
30,122,75,7.0
30,122,28,7.0
30,122,157,7.0
30,122,148,7.0
30,122,190,7.0
30,122,20,7.0
30,142,28,7.0
30,142,27,7.0
30,142,114,7.0
30,142,13,7.0
30,142,169,7.0
30,142,38,7.0
30,142,171,7.0
30,121,173,8.0
30,121,143,8.0
30,122,73,8.0
30,122,104,8.0
30,122,81,8.0
30,122,112,8.0
30,122,39,8.0
30,122,10,8.0
30,122,36,8.0
30,122,96,8.0
30,122,130,8.0
30,122,177,8.0
30,142,68,8.0
30,142,20,8.0
30,121,117,9.0
30,121,155,9.0
30,122,84,9.0
30,122,90,9.0
30,142,73,9.0
30,121,0,10.0
30,122,13,10.0
30,122,114,10.0
30,142,167,10.0
30,121,127,11.0
30,142,36,11.0
30,142,184,11.0
30,142,179,11.0
30,121,153,12.0
30,122,149,12.0
30,122,152,12.0
30,122,94,12.0
30,122,169,12.0
30,142,81,12.0
30,142,157,12.0
30,122,179,13.0
30,122,15,13.0
30,122,68,13.0
30,122,4,13.0
30,122,70,13.0
30,122,163,13.0
30,142,84,13.0
30,142,10,13.0
30,142,96,13.0
30,142,145,13.0
30,142,152,13.0
30,142,50,13.0
30,142,15,13.0
30,122,29,14.0
30,122,18,14.0
30,142,150,14.0
30,142,4,15.0
30,142,69,15.0
30,122,184,16.0
30,142,149,16.0
30,142,70,16.0
30,142,18,16.0
30,122,145,17.0
30,122,22,17.0
30,121,184,18.0
30,142,7,19.0
30,121,183,20.0
30,142,182,20.0
30,121,147,21.0
30,142,22,22.0
30,122,7,25.0
30,122,182,25.0
30,121,145,32.0
64,122,52,1.0
64,122,191,1.0
64,122,126,1.0
64,122,151,1.0
64,122,178,1.0
64,122,181,1.0
64,122,109,1.0
64,122,74,1.0
64,122,34,1.0
64,122,117,1.0
64,122,131,1.0
64,122,187,1.0
64,122,157,1.0
64,122,62,1.0
64,122,130,1.0
64,142,14,1.0
64,142,96,1.0
64,122,45,2.0
64,122,31,2.0
64,122,37,2.0
64,122,118,2.0
64,122,150,2.0
64,122,185,2.0
64,122,139,2.0
64,122,134,2.0
64,122,51,2.0
64,122,86,2.0
64,122,108,2.0
64,122,75,2.0
64,122,12,2.0
64,122,78,2.0
64,122,57,2.0
64,122,35,2.0
64,142,69,2.0
64,142,144,2.0
64,142,56,2.0
64,142,16,2.0
64,142,170,2.0
64,121,95,3.0
64,121,79,3.0
64,122,20,3.0
64,122,14,3.0
64,122,88,3.0
64,122,114,3.0
64,122,87,3.0
64,122,158,3.0
64,122,186,3.0
64,122,136,3.0
64,122,171,3.0
64,122,156,3.0
64,122,144,3.0
64,122,100,3.0
64,122,76,3.0
64,122,80,3.0
64,122,168,3.0
64,122,67,3.0
64,122,68,3.0
64,122,40,3.0
64,122,170,3.0
64,122,99,3.0
64,122,103,3.0
64,122,132,3.0
64,122,98,3.0
64,122,17,3.0
64,122,19,3.0
64,122,33,3.0
64,142,150,3.0
64,142,148,3.0
64,142,112,3.0
64,142,36,3.0
64,122,47,4.0
64,122,55,4.0
64,122,42,4.0
64,122,137,4.0
64,122,180,4.0
64,122,63,4.0
64,122,123,4.0
64,122,102,4.0
64,122,89,4.0
64,122,106,4.0
64,122,84,4.0
64,122,96,4.0
64,122,135,4.0
64,122,2,4.0
64,122,60,4.0
64,142,115,4.0
64,142,184,4.0
64,142,84,4.0
64,142,190,4.0
64,142,3,4.0
64,142,163,4.0
64,142,13,4.0
64,142,89,4.0
64,121,34,5.0
64,122,24,5.0
64,122,36,5.0
64,122,29,5.0
64,122,48,5.0
64,122,13,5.0
64,122,32,5.0
64,122,69,5.0
64,122,184,5.0
64,122,190,5.0
64,122,179,5.0
64,122,107,5.0
64,122,112,5.0
64,142,141,5.0
64,142,169,5.0
64,142,41,5.0
64,142,39,5.0
64,142,101,5.0
64,142,156,5.0
64,142,61,5.0
64,142,26,5.0
64,142,176,5.0
64,121,117,6.0
64,121,8,6.0
64,122,26,6.0
64,122,21,6.0
64,122,11,6.0
64,122,169,6.0
64,122,174,6.0
64,122,101,6.0
64,122,53,6.0
64,122,56,6.0
64,122,27,6.0
64,142,140,6.0
64,142,68,6.0
64,142,174,6.0
64,142,27,6.0
64,142,21,6.0
64,142,179,6.0
64,121,92,7.0
64,121,143,7.0
64,121,44,7.0
64,121,5,7.0
64,121,128,7.0
64,122,141,7.0
64,122,163,7.0
64,122,61,7.0
64,122,81,7.0
64,122,70,7.0
64,142,126,7.0
64,142,152,7.0
64,142,167,7.0
64,142,29,7.0
64,142,81,7.0
64,121,93,8.0
64,122,10,8.0
64,122,22,8.0
64,122,3,8.0
64,122,140,8.0
64,122,111,8.0
64,122,39,8.0
64,142,70,8.0
64,142,11,8.0
64,121,155,9.0
64,121,9,9.0
64,122,15,9.0
64,122,16,9.0
64,122,38,9.0
64,122,115,9.0
64,122,94,9.0
64,142,173,9.0
64,142,90,9.0
64,142,53,9.0
64,121,184,10.0
64,122,4,10.0
64,122,145,10.0
64,122,152,10.0
64,122,148,10.0
64,122,105,10.0
64,122,41,10.0
64,142,145,10.0
64,142,94,10.0
64,142,77,10.0
64,122,104,11.0
64,122,173,11.0
64,122,58,11.0
64,122,23,11.0
64,142,38,11.0
64,142,22,11.0
64,121,162,12.0
64,121,54,12.0
64,122,167,12.0
64,121,126,13.0
64,142,58,13.0
64,142,111,13.0
64,142,149,13.0
64,142,159,13.0
64,142,154,14.0
64,122,149,15.0
64,122,159,15.0
64,122,73,15.0
64,142,15,15.0
64,142,28,15.0
64,142,23,15.0
64,142,10,15.0
64,122,18,16.0
64,122,154,16.0
64,122,77,16.0
64,142,105,16.0
64,142,4,16.0
64,121,164,17.0
64,122,7,17.0
64,122,90,17.0
64,142,73,18.0
64,142,7,18.0
64,142,18,18.0
64,142,104,18.0
64,122,50,20.0
64,142,177,20.0
64,121,71,21.0
64,122,28,21.0
64,121,120,23.0
64,122,177,25.0
64,121,133,26.0
64,142,50,30.0
64,142,182,31.0
64,122,182,32.0
64,121,127,35.0
66,122,130,1.0
66,122,51,1.0
66,122,24,1.0
66,122,34,1.0
66,122,2,1.0
66,122,19,1.0
66,122,58,1.0
66,122,33,1.0
66,122,107,1.0
66,122,99,1.0
66,122,180,1.0
66,122,186,1.0
66,122,135,1.0
66,122,158,1.0
66,122,185,1.0
66,122,103,1.0
66,122,101,1.0
66,122,109,1.0
66,122,115,1.0
66,122,87,1.0
66,122,90,1.0
66,122,63,1.0
66,142,154,1.0
66,142,23,1.0
66,142,89,1.0
66,122,78,2.0
66,122,174,2.0
66,122,132,2.0
66,122,48,2.0
66,122,17,2.0
66,122,31,2.0
66,122,68,2.0
66,122,23,2.0
66,122,49,2.0
66,122,100,2.0
66,122,56,2.0
66,122,59,2.0
66,122,16,2.0
66,122,118,2.0
66,122,6,2.0
66,122,156,2.0
66,122,170,2.0
66,122,178,2.0
66,122,188,2.0
66,122,148,2.0
66,122,106,2.0
66,122,98,2.0
66,122,102,2.0
66,142,22,2.0
66,142,184,2.0
66,142,26,2.0
66,142,179,2.0
66,121,95,3.0
66,121,119,3.0
66,122,134,3.0
66,122,52,3.0
66,122,40,3.0
66,122,88,3.0
66,122,57,3.0
66,122,47,3.0
66,122,37,3.0
66,122,32,3.0
66,122,53,3.0
66,122,108,3.0
66,122,94,3.0
66,122,55,3.0
66,122,60,3.0
66,122,141,3.0
66,122,181,3.0
66,122,136,3.0
66,122,139,3.0
66,122,168,3.0
66,122,179,3.0
66,122,171,3.0
66,122,84,3.0
66,142,157,3.0
66,142,140,3.0
66,142,61,3.0
66,122,119,4.0
66,122,7,4.0
66,122,20,4.0
66,122,187,4.0
66,122,151,4.0
66,122,184,4.0
66,122,157,4.0
66,122,144,4.0
66,142,119,4.0
66,142,84,4.0
66,121,117,5.0
66,121,79,5.0
66,122,26,5.0
66,122,105,5.0
66,122,67,5.0
66,122,86,5.0
66,122,114,5.0
66,122,75,5.0
66,142,111,5.0
66,142,14,5.0
66,142,177,5.0
66,142,35,5.0
66,142,13,5.0
66,121,110,6.0
66,121,166,6.0
66,121,43,6.0
66,121,34,6.0
66,122,3,6.0
66,122,140,6.0
66,122,145,6.0
66,122,191,6.0
66,122,62,6.0
66,122,85,6.0
66,122,61,6.0
66,122,76,6.0
66,122,69,6.0
66,142,39,6.0
66,142,7,6.0
66,142,16,6.0
66,142,159,6.0
66,142,20,6.0
66,121,125,7.0
66,122,39,7.0
66,122,21,7.0
66,122,28,7.0
66,122,111,7.0
66,142,141,7.0
66,142,29,7.0
66,142,28,7.0
66,122,104,8.0
66,122,13,8.0
66,122,22,8.0
66,122,163,8.0
66,122,177,8.0
66,122,150,8.0
66,122,152,8.0
66,122,154,8.0
66,142,73,8.0
66,142,11,8.0
66,142,152,8.0
66,142,75,8.0
66,121,126,9.0
66,122,35,9.0
66,122,14,9.0
66,122,29,9.0
66,122,11,9.0
66,122,81,9.0
66,142,50,9.0
66,142,104,9.0
66,142,68,9.0
66,121,153,10.0
66,122,36,10.0
66,122,176,10.0
66,122,159,10.0
66,122,112,10.0
66,142,191,10.0
66,142,150,10.0
66,142,169,10.0
66,142,112,10.0
66,142,145,10.0
66,142,21,10.0
66,122,41,11.0
66,142,116,11.0
66,142,69,11.0
66,121,155,12.0
66,121,120,12.0
66,121,146,12.0
66,121,145,12.0
66,122,116,12.0
66,122,96,12.0
66,142,10,12.0
66,142,80,12.0
66,142,81,12.0
66,142,4,12.0
66,121,147,13.0
66,121,128,13.0
66,122,73,13.0
66,122,50,13.0
66,142,167,13.0
66,142,163,13.0
66,122,27,14.0
66,122,182,14.0
66,122,169,14.0
66,122,149,14.0
66,142,149,14.0
66,142,41,14.0
66,142,36,14.0
66,121,127,15.0
66,122,10,15.0
66,122,167,15.0
66,122,77,15.0
66,142,96,15.0
66,142,15,16.0
66,142,176,16.0
66,122,15,17.0
66,122,80,18.0
66,142,38,18.0
66,122,38,19.0
66,122,18,19.0
66,142,3,19.0
66,122,4,20.0
66,122,70,20.0
66,142,117,20.0
66,142,70,20.0
66,142,27,21.0
66,142,77,21.0
66,122,117,22.0
66,142,182,24.0
66,142,18,25.0
66,121,165,27.0
66,121,44,33.0
72,121,79,1.0
72,122,171,1.0
72,122,187,1.0
72,122,157,1.0
72,122,152,1.0
72,122,139,1.0
72,122,103,1.0
72,122,114,1.0
72,122,134,1.0
72,122,99,1.0
72,122,131,1.0
72,122,94,1.0
72,122,67,1.0
72,122,32,1.0
72,122,49,1.0
72,122,135,1.0
72,122,48,1.0
72,122,51,1.0
72,122,31,1.0
72,122,37,1.0
72,122,109,1.0
72,122,17,1.0
72,122,85,1.0
72,122,118,1.0
72,142,57,1.0
72,142,21,1.0
72,142,119,1.0
72,142,41,1.0
72,142,28,1.0
72,122,180,2.0
72,122,132,2.0
72,122,34,2.0
72,122,87,2.0
72,122,80,2.0
72,122,57,2.0
72,122,126,2.0
72,122,62,2.0
72,122,130,2.0
72,122,55,2.0
72,122,28,2.0
72,122,14,2.0
72,122,39,2.0
72,122,60,2.0
72,122,42,2.0
72,122,23,2.0
72,122,2,2.0
72,122,40,2.0
72,122,19,2.0
72,122,38,2.0
72,122,22,2.0
72,122,102,2.0
72,142,163,2.0
72,142,15,2.0
72,121,146,3.0
72,121,95,3.0
72,122,178,3.0
72,122,188,3.0
72,122,181,3.0
72,122,177,3.0
72,122,185,3.0
72,122,170,3.0
72,122,163,3.0
72,122,148,3.0
72,122,115,3.0
72,122,123,3.0
72,122,98,3.0
72,122,104,3.0
72,122,100,3.0
72,122,88,3.0
72,122,74,3.0
72,122,76,3.0
72,122,12,3.0
72,122,21,3.0
72,122,53,3.0
72,122,47,3.0
72,122,6,3.0
72,122,4,3.0
72,122,106,3.0
72,122,136,3.0
72,142,105,3.0
72,142,148,3.0
72,142,145,3.0
72,142,140,3.0
72,142,130,3.0
72,142,126,3.0
72,142,23,3.0
72,142,104,3.0
72,142,56,3.0
72,142,53,3.0
72,121,43,4.0
72,121,183,4.0
72,122,191,4.0
72,122,156,4.0
72,122,186,4.0
72,122,179,4.0
72,122,173,4.0
72,122,116,4.0
72,122,108,4.0
72,122,56,4.0
72,122,86,4.0
72,122,59,4.0
72,122,119,4.0
72,122,10,4.0
72,122,68,4.0
72,122,26,4.0
72,122,137,4.0
72,122,45,4.0
72,142,177,4.0
72,142,159,4.0
72,142,116,4.0
72,142,26,4.0
72,142,184,4.0
72,142,174,4.0
72,122,182,5.0
72,122,168,5.0
72,122,159,5.0
72,122,63,5.0
72,122,112,5.0
72,122,33,5.0
72,122,101,5.0
72,122,20,5.0
72,122,15,5.0
72,122,41,5.0
72,122,24,5.0
72,142,168,5.0
72,142,144,5.0
72,142,96,5.0
72,142,38,5.0
72,142,4,5.0
72,142,182,5.0
72,122,154,6.0
72,122,151,6.0
72,122,145,6.0
72,122,141,6.0
72,122,140,6.0
72,122,105,6.0
72,122,16,6.0
72,122,84,6.0
72,142,7,6.0
72,142,170,6.0
72,142,154,6.0
72,142,10,6.0
72,121,173,7.0
72,121,143,7.0
72,121,110,7.0
72,122,190,7.0
72,122,174,7.0
72,122,111,7.0
72,122,96,7.0
72,122,13,7.0
72,122,11,7.0
72,122,27,7.0
72,142,176,7.0
72,142,149,7.0
72,142,58,7.0
72,142,94,7.0
72,142,179,7.0
72,142,173,7.0
72,142,16,8.0
72,142,141,8.0
72,142,35,8.0
72,142,29,8.0
72,142,13,8.0
72,142,11,8.0
72,121,71,9.0
72,121,133,9.0
72,122,176,9.0
72,122,149,9.0
72,122,144,9.0
72,122,69,9.0
72,122,36,9.0
72,122,81,9.0
72,122,7,9.0
72,122,35,9.0
72,122,50,9.0
72,142,107,9.0
72,142,36,9.0
72,142,27,9.0
72,142,169,9.0
72,121,165,10.0
72,121,126,10.0
72,122,29,10.0
72,122,58,10.0
72,122,3,10.0
72,142,111,10.0
72,142,18,10.0
72,121,128,11.0
72,121,127,11.0
72,121,46,11.0
72,122,184,11.0
72,122,150,11.0
72,142,190,11.0
72,142,167,11.0
72,142,150,11.0
72,142,50,11.0
72,121,145,12.0
72,122,167,12.0
72,122,107,12.0
72,122,90,12.0
72,122,70,12.0
72,142,90,12.0
72,142,20,12.0
72,142,3,12.0
72,122,61,13.0
72,142,112,13.0
72,142,81,13.0
72,142,77,13.0
72,142,70,13.0
72,142,75,14.0
72,142,61,14.0
72,142,84,15.0
72,122,18,16.0
72,142,89,16.0
72,122,77,17.0
72,121,166,18.0
72,121,147,18.0
72,122,169,18.0
72,142,69,18.0
72,121,92,19.0
72,122,73,19.0
72,142,161,19.0
72,122,75,20.0
72,122,89,22.0
72,142,73,29.0
72,121,164,34.0
72,121,155,37.0
83,122,185,1.0
83,122,151,1.0
83,122,135,1.0
83,122,29,1.0
83,122,85,1.0
83,122,86,1.0
83,122,42,1.0
83,122,37,1.0
83,122,45,1.0
83,122,48,1.0
83,122,24,1.0
83,122,17,1.0
83,122,16,1.0
83,142,114,1.0
83,142,170,1.0
83,142,29,1.0
83,122,174,2.0
83,122,139,2.0
83,122,132,2.0
83,122,131,2.0
83,122,117,2.0
83,122,99,2.0
83,122,87,2.0
83,122,34,2.0
83,122,60,2.0
83,122,55,2.0
83,122,40,2.0
83,122,31,2.0
83,122,96,2.0
83,122,13,2.0
83,122,6,2.0
83,122,108,2.0
83,142,90,2.0
83,142,68,2.0
83,142,179,2.0
83,142,141,2.0
83,142,39,2.0
83,142,75,2.0
83,121,119,3.0
83,121,95,3.0
83,122,188,3.0
83,122,178,3.0
83,122,186,3.0
83,122,179,3.0
83,122,168,3.0
83,122,150,3.0
83,122,148,3.0
83,122,118,3.0
83,122,52,3.0
83,122,109,3.0
83,122,67,3.0
83,122,89,3.0
83,122,100,3.0
83,122,78,3.0
83,122,59,3.0
83,122,51,3.0
83,122,88,3.0
83,122,39,3.0
83,122,32,3.0
83,122,123,3.0
83,122,19,3.0
83,122,15,3.0
83,122,4,3.0
83,122,74,3.0
83,122,2,3.0
83,142,15,3.0
83,142,20,3.0
83,142,169,3.0
83,142,80,3.0
83,142,33,3.0
83,142,27,3.0
83,122,170,4.0
83,122,159,4.0
83,122,158,4.0
83,122,156,4.0
83,122,144,4.0
83,122,137,4.0
83,122,106,4.0
83,122,57,4.0
83,122,80,4.0
83,122,62,4.0
83,122,49,4.0
83,122,25,4.0
83,122,12,4.0
83,142,41,4.0
83,142,184,4.0
83,142,157,4.0
83,142,191,4.0
83,142,73,4.0
83,142,58,4.0
83,142,50,4.0
83,142,56,4.0
83,122,191,5.0
83,122,187,5.0
83,122,181,5.0
83,122,180,5.0
83,122,176,5.0
83,122,157,5.0
83,122,145,5.0
83,122,141,5.0
83,122,103,5.0
83,122,58,5.0
83,122,56,5.0
83,122,47,5.0
83,122,21,5.0
83,122,20,5.0
83,142,144,5.0
83,142,23,5.0
83,142,159,5.0
83,122,169,6.0
83,122,134,6.0
83,122,114,6.0
83,122,112,6.0
83,122,101,6.0
83,122,41,6.0
83,122,75,6.0
83,122,98,6.0
83,122,14,6.0
83,142,176,6.0
83,142,171,6.0
83,142,36,6.0
83,142,107,6.0
83,142,163,6.0
83,142,63,6.0
83,121,143,7.0
83,122,163,7.0
83,122,115,7.0
83,122,77,7.0
83,122,68,7.0
83,122,53,7.0
83,122,33,7.0
83,142,4,7.0
83,142,38,7.0
83,142,167,7.0
83,121,120,8.0
83,122,105,8.0
83,122,104,8.0
83,122,23,8.0
83,122,111,8.0
83,122,116,8.0
83,142,14,8.0
83,142,149,8.0
83,142,22,8.0
83,142,104,8.0
83,142,101,8.0
83,121,44,9.0
83,122,184,9.0
83,142,116,9.0
83,142,3,9.0
83,142,105,9.0
83,121,162,10.0
83,122,171,10.0
83,122,154,10.0
83,122,149,10.0
83,122,73,10.0
83,122,63,10.0
83,122,61,10.0
83,122,26,10.0
83,142,182,10.0
83,121,184,11.0
83,121,110,11.0
83,122,140,11.0
83,122,84,11.0
83,122,90,11.0
83,122,36,11.0
83,122,28,11.0
83,122,22,11.0
83,142,11,11.0
83,142,10,11.0
83,142,53,11.0
83,122,167,12.0
83,142,84,12.0
83,142,77,12.0
83,142,28,12.0
83,121,127,13.0
83,121,126,13.0
83,121,71,13.0
83,122,182,13.0
83,122,38,13.0
83,122,11,13.0
83,122,10,13.0
83,122,3,13.0
83,142,145,13.0
83,142,61,13.0
83,122,152,14.0
83,122,27,14.0
83,121,183,15.0
83,122,70,15.0
83,142,81,15.0
83,142,177,15.0
83,121,43,16.0
83,142,140,16.0
83,142,190,16.0
83,142,26,16.0
83,142,111,17.0
83,122,107,18.0
83,122,50,18.0
83,142,154,18.0
83,142,112,18.0
83,122,69,19.0
83,142,152,19.0
83,122,81,20.0
83,122,177,22.0
83,142,7,24.0
83,122,190,25.0
83,142,69,25.0
83,121,147,26.0
83,122,7,26.0
83,142,70,26.0
83,122,18,28.0
83,121,133,29.0
83,121,117,32.0
83,142,18,41.0
91,122,180,1.0
91,122,185,1.0
91,122,144,1.0
91,122,108,1.0
91,122,139,1.0
91,122,135,1.0
91,122,119,1.0
91,122,74,1.0
91,122,80,1.0
91,122,73,1.0
91,122,49,1.0
91,122,45,1.0
91,122,42,1.0
91,122,109,1.0
91,122,32,1.0
91,122,39,1.0
91,122,134,1.0
91,122,103,1.0
91,122,12,1.0
91,122,118,1.0
91,142,140,1.0
91,142,184,1.0
91,142,114,1.0
91,142,75,1.0
91,142,119,1.0
91,142,84,1.0
91,122,178,2.0
91,122,187,2.0
91,122,186,2.0
91,122,171,2.0
91,122,123,2.0
91,122,107,2.0
91,122,59,2.0
91,122,106,2.0
91,122,99,2.0
91,122,89,2.0
91,122,81,2.0
91,122,55,2.0
91,122,40,2.0
91,122,21,2.0
91,122,137,2.0
91,122,111,2.0
91,122,47,2.0
91,122,62,2.0
91,142,157,2.0
91,142,73,2.0
91,142,41,2.0
91,142,111,2.0
91,142,96,2.0
91,121,183,3.0
91,121,160,3.0
91,121,119,3.0
91,122,86,3.0
91,122,179,3.0
91,122,184,3.0
91,122,191,3.0
91,122,188,3.0
91,122,174,3.0
91,122,157,3.0
91,122,140,3.0
91,122,130,3.0
91,122,115,3.0
91,122,102,3.0
91,122,101,3.0
91,122,96,3.0
91,122,88,3.0
91,122,85,3.0
91,122,48,3.0
91,122,57,3.0
91,122,136,3.0
91,122,131,3.0
91,122,34,3.0
91,122,33,3.0
91,122,25,3.0
91,122,24,3.0
91,122,19,3.0
91,122,14,3.0
91,122,104,3.0
91,122,37,3.0
91,122,94,3.0
91,122,114,3.0
91,142,170,3.0
91,142,112,3.0
91,142,18,3.0
91,142,27,3.0
91,142,141,3.0
91,121,146,4.0
91,122,181,4.0
91,122,156,4.0
91,122,151,4.0
91,122,143,4.0
91,122,100,4.0
91,122,98,4.0
91,122,84,4.0
91,122,75,4.0
91,122,76,4.0
91,122,67,4.0
91,122,41,4.0
91,122,31,4.0
91,122,23,4.0
91,122,112,4.0
91,122,2,4.0
91,142,143,4.0
91,142,16,4.0
91,142,104,4.0
91,142,174,4.0
91,121,145,5.0
91,122,154,5.0
91,122,51,5.0
91,122,38,5.0
91,122,7,5.0
91,122,87,5.0
91,142,7,5.0
91,142,81,5.0
91,142,115,5.0
91,142,29,5.0
91,142,168,5.0
91,121,71,6.0
91,121,5,6.0
91,122,60,6.0
91,122,141,6.0
91,122,17,6.0
91,122,18,6.0
91,122,11,6.0
91,142,169,6.0
91,142,105,6.0
91,142,23,6.0
91,142,21,6.0
91,142,11,6.0
91,122,148,7.0
91,122,53,7.0
91,122,29,7.0
91,122,28,7.0
91,142,159,7.0
91,142,116,7.0
91,142,117,7.0
91,142,68,7.0
91,142,61,7.0
91,142,58,7.0
91,142,53,7.0
91,142,13,7.0
91,122,170,8.0
91,122,159,8.0
91,122,68,8.0
91,122,61,8.0
91,122,15,8.0
91,142,15,8.0
91,121,110,9.0
91,122,182,9.0
91,122,168,9.0
91,122,150,9.0
91,122,105,9.0
91,122,50,9.0
91,122,70,9.0
91,122,13,9.0
91,142,56,9.0
91,142,69,9.0
91,142,4,9.0
91,121,126,10.0
91,122,190,10.0
91,122,169,10.0
91,122,69,10.0
91,122,27,10.0
91,142,50,10.0
91,142,28,10.0
91,122,177,11.0
91,122,149,11.0
91,122,145,11.0
91,122,116,11.0
91,122,16,11.0
91,122,3,11.0
91,142,152,11.0
91,142,20,11.0
91,122,10,12.0
91,142,148,12.0
91,142,177,12.0
91,142,70,12.0
91,142,3,12.0
91,121,79,13.0
91,122,167,13.0
91,122,56,13.0
91,122,4,13.0
91,142,190,13.0
91,142,150,13.0
91,121,162,14.0
91,121,147,14.0
91,122,152,14.0
91,122,77,14.0
91,122,117,14.0
91,142,154,14.0
91,142,145,14.0
91,122,63,15.0
91,142,182,15.0
91,121,34,16.0
91,122,20,16.0
91,142,167,16.0
91,142,176,16.0
91,142,63,17.0
91,122,163,18.0
91,121,164,19.0
91,142,77,19.0
91,121,155,20.0
91,122,176,20.0
91,122,36,21.0
91,122,22,21.0
91,142,35,21.0
91,122,90,22.0
91,142,163,23.0
91,142,90,23.0
91,122,35,24.0
91,142,10,24.0
91,142,149,25.0
91,142,36,26.0
91,121,44,27.0
91,121,127,29.0
91,142,22,38.0
97,122,187,1.0
97,122,185,1.0
97,122,174,1.0
97,122,151,1.0
97,122,139,1.0
97,122,140,1.0
97,122,131,1.0
97,122,130,1.0
97,122,106,1.0
97,122,86,1.0
97,122,51,1.0
97,122,76,1.0
97,122,67,1.0
97,122,59,1.0
97,122,45,1.0
97,122,40,1.0
97,122,6,1.0
97,142,117,1.0
97,142,61,1.0
97,142,39,1.0
97,142,7,1.0
97,142,140,1.0
97,122,186,2.0
97,122,158,2.0
97,122,123,2.0
97,122,108,2.0
97,122,102,2.0
97,122,126,2.0
97,122,89,2.0
97,122,57,2.0
97,122,53,2.0
97,122,143,2.0
97,122,136,2.0
97,122,24,2.0
97,122,19,2.0
97,122,17,2.0
97,122,85,2.0
97,122,12,2.0
97,122,114,2.0
97,122,3,2.0
97,142,190,2.0
97,142,145,2.0
97,142,143,2.0
97,142,126,2.0
97,142,29,2.0
97,142,3,2.0
97,142,156,2.0
97,122,191,3.0
97,122,181,3.0
97,122,180,3.0
97,122,178,3.0
97,122,148,3.0
97,122,144,3.0
97,122,117,3.0
97,122,109,3.0
97,122,55,3.0
97,122,100,3.0
97,122,98,3.0
97,122,87,3.0
97,122,31,3.0
97,122,58,3.0
97,122,49,3.0
97,122,37,3.0
97,122,32,3.0
97,122,27,3.0
97,122,13,3.0
97,122,25,3.0
97,122,88,3.0
97,122,141,3.0
97,142,115,3.0
97,142,84,3.0
97,142,80,3.0
97,142,56,3.0
97,142,28,3.0
97,122,188,4.0
97,122,157,4.0
97,122,156,4.0
97,122,78,4.0
97,122,112,4.0
97,122,99,4.0
97,122,42,4.0
97,122,35,4.0
97,122,33,4.0
97,122,20,4.0
97,122,14,4.0
97,122,62,4.0
97,122,2,4.0
97,122,61,4.0
97,122,137,4.0
97,142,152,4.0
97,142,112,4.0
97,142,104,4.0
97,142,77,4.0
97,142,20,4.0
97,121,184,5.0
97,121,0,5.0
97,122,171,5.0
97,122,150,5.0
97,122,115,5.0
97,122,60,5.0
97,122,103,5.0
97,122,74,5.0
97,122,34,5.0
97,122,135,5.0
97,122,28,5.0
97,122,15,5.0
97,122,7,5.0
97,142,171,5.0
97,142,163,5.0
97,142,154,5.0
97,142,150,5.0
97,142,58,5.0
97,142,36,5.0
97,142,27,5.0
97,121,34,6.0
97,121,43,6.0
97,122,190,6.0
97,122,169,6.0
97,122,134,6.0
97,122,84,6.0
97,122,104,6.0
97,122,101,6.0
97,122,36,6.0
97,122,77,6.0
97,142,182,6.0
97,142,107,6.0
97,142,101,6.0
97,142,94,6.0
97,142,75,6.0
97,121,164,7.0
97,121,153,7.0
97,121,147,7.0
97,121,95,7.0
97,121,117,7.0
97,122,177,7.0
97,122,145,7.0
97,122,107,7.0
97,122,29,7.0
97,122,68,7.0
97,142,177,7.0
97,142,167,7.0
97,142,159,7.0
97,142,68,7.0
97,121,162,8.0
97,121,120,8.0
97,122,182,8.0
97,122,170,8.0
97,122,94,8.0
97,122,90,8.0
97,122,56,8.0
97,122,48,8.0
97,142,90,8.0
97,142,63,8.0
97,142,21,8.0
97,121,71,9.0
97,122,154,9.0
97,122,73,9.0
97,122,75,9.0
97,122,50,9.0
97,122,41,9.0
97,122,18,9.0
97,122,4,9.0
97,142,184,9.0
97,142,53,9.0
97,122,163,10.0
97,122,159,10.0
97,122,26,10.0
97,122,21,10.0
97,142,23,10.0
97,142,16,10.0
97,121,44,11.0
97,122,63,11.0
97,122,38,11.0
97,122,23,11.0
97,122,16,11.0
97,142,41,11.0
97,121,125,12.0
97,121,110,12.0
97,122,168,12.0
97,122,149,12.0
97,122,111,12.0
97,142,73,12.0
97,142,38,12.0
97,142,18,12.0
97,142,4,12.0
97,121,166,13.0
97,121,133,13.0
97,122,184,13.0
97,122,179,13.0
97,122,167,13.0
97,122,116,13.0
97,122,11,13.0
97,142,169,13.0
97,142,26,13.0
97,122,22,14.0
97,142,170,14.0
97,121,65,15.0
97,122,105,15.0
97,142,168,15.0
97,142,96,15.0
97,142,15,15.0
97,142,11,15.0
97,122,176,17.0
97,122,81,17.0
97,142,176,17.0
97,142,22,17.0
97,122,69,18.0
97,142,81,18.0
97,121,127,19.0
97,122,96,19.0
97,122,70,19.0
97,142,179,19.0
97,142,50,20.0
97,121,165,21.0
97,142,116,21.0
97,142,70,21.0
97,142,69,21.0
97,142,149,22.0
97,142,111,22.0
97,142,105,22.0
97,142,10,23.0
97,121,5,24.0
97,122,10,27.0
97,121,183,29.0
97,121,155,32.0
113,122,130,1.0
113,122,186,1.0
113,122,185,1.0
113,122,169,1.0
113,122,151,1.0
113,122,143,1.0
113,122,139,1.0
113,122,131,1.0
113,122,123,1.0
113,122,118,1.0
113,122,107,1.0
113,122,106,1.0
113,122,108,1.0
113,122,98,1.0
113,122,85,1.0
113,122,76,1.0
113,122,73,1.0
113,122,62,1.0
113,122,49,1.0
113,122,47,1.0
113,122,38,1.0
113,122,24,1.0
113,122,17,1.0
113,122,14,1.0
113,122,4,1.0
113,122,170,1.0
113,122,132,1.0
113,142,75,1.0
113,142,70,1.0
113,142,68,1.0
113,122,177,2.0
113,122,174,2.0
113,122,158,2.0
113,122,180,2.0
113,122,140,2.0
113,122,136,2.0
113,122,116,2.0
113,122,103,2.0
113,122,102,2.0
113,122,88,2.0
113,122,86,2.0
113,122,78,2.0
113,122,75,2.0
113,122,74,2.0
113,122,68,2.0
113,122,67,2.0
113,122,63,2.0
113,122,59,2.0
113,122,57,2.0
113,122,55,2.0
113,122,48,2.0
113,122,42,2.0
113,122,40,2.0
113,122,33,2.0
113,122,32,2.0
113,122,29,2.0
113,122,23,2.0
113,122,18,2.0
113,122,12,2.0
113,142,157,2.0
113,142,156,2.0
113,121,117,3.0
113,122,190,3.0
113,122,188,3.0
113,122,181,3.0
113,122,168,3.0
113,122,144,3.0
113,122,134,3.0
113,122,109,3.0
113,122,87,3.0
113,122,80,3.0
113,122,58,3.0
113,122,52,3.0
113,122,45,3.0
113,122,37,3.0
113,122,36,3.0
113,122,35,3.0
113,122,31,3.0
113,122,25,3.0
113,122,16,3.0
113,122,13,3.0
113,122,6,3.0
113,122,3,3.0
113,122,2,3.0
113,142,190,3.0
113,142,179,3.0
113,142,117,3.0
113,142,69,3.0
113,142,36,3.0
113,142,3,3.0
113,121,1,4.0
113,122,157,4.0
113,122,156,4.0
113,122,141,4.0
113,122,137,4.0
113,122,115,4.0
113,122,90,4.0
113,122,70,4.0
113,122,41,4.0
113,142,191,4.0
113,142,148,4.0
113,142,143,4.0
113,142,130,4.0
113,142,58,4.0
113,142,16,4.0
113,122,148,5.0
113,122,114,5.0
113,122,69,5.0
113,142,182,5.0
113,142,80,5.0
113,142,11,5.0
113,142,170,5.0
113,121,46,6.0
113,121,8,6.0
113,122,179,6.0
113,122,81,6.0
113,122,39,6.0
113,142,112,6.0
113,142,94,6.0
113,142,81,6.0
113,142,21,6.0
113,142,13,6.0
113,121,95,7.0
113,122,191,7.0
113,122,182,7.0
113,122,176,7.0
113,122,167,7.0
113,122,149,7.0
113,122,117,7.0
113,122,111,7.0
113,122,101,7.0
113,122,26,7.0
113,142,152,7.0
113,142,23,7.0
113,142,15,7.0
113,121,133,8.0
113,121,126,8.0
113,121,110,8.0
113,122,163,8.0
113,122,150,8.0
113,122,94,8.0
113,122,77,8.0
113,122,50,8.0
113,122,21,8.0
113,122,11,8.0
113,142,177,8.0
113,142,176,8.0
113,142,41,8.0
113,142,26,8.0
113,121,160,9.0
113,122,96,9.0
113,122,28,9.0
113,122,20,9.0
113,122,15,9.0
113,142,167,9.0
113,142,96,9.0
113,142,4,9.0
113,122,84,10.0
113,142,163,10.0
113,142,154,10.0
113,142,84,10.0
113,142,56,10.0
113,142,39,10.0
113,142,28,10.0
113,121,9,11.0
113,122,184,11.0
113,122,159,11.0
113,122,112,11.0
113,122,56,11.0
113,142,145,11.0
113,142,111,11.0
113,142,105,11.0
113,121,125,12.0
113,122,154,12.0
113,122,105,12.0
113,122,10,12.0
113,142,18,12.0
113,142,7,12.0
113,121,147,13.0
113,121,34,13.0
113,122,7,13.0
113,142,184,13.0
113,142,149,13.0
113,142,141,13.0
113,142,101,13.0
113,142,90,13.0
113,142,50,13.0
113,121,175,14.0
113,121,153,14.0
113,122,152,14.0
113,122,27,14.0
113,142,159,14.0
113,142,10,14.0
113,121,119,15.0
113,122,104,15.0
113,122,22,15.0
113,122,145,16.0
113,142,150,16.0
113,142,61,16.0
113,121,155,17.0
113,121,143,17.0
113,121,183,19.0
113,142,22,19.0
113,142,20,19.0
113,121,162,20.0
113,122,61,20.0
113,142,77,20.0
113,142,27,20.0
113,142,53,21.0
113,121,165,23.0
113,122,53,23.0
113,142,104,23.0
113,121,44,24.0
113,121,145,25.0
113,121,5,26.0
124,122,103,1.0
124,122,191,1.0
124,122,187,1.0
124,122,185,1.0
124,122,184,1.0
124,122,171,1.0
124,122,168,1.0
124,122,148,1.0
124,122,136,1.0
124,122,132,1.0
124,122,116,1.0
124,122,112,1.0
124,122,108,1.0
124,122,105,1.0
124,122,99,1.0
124,122,90,1.0
124,122,87,1.0
124,122,80,1.0
124,122,74,1.0
124,122,70,1.0
124,122,68,1.0
124,122,58,1.0
124,122,56,1.0
124,122,37,1.0
124,122,24,1.0
124,122,14,1.0
124,142,105,1.0
124,142,70,1.0
124,122,180,2.0
124,122,174,2.0
124,122,131,2.0
124,122,123,2.0
124,122,118,2.0
124,122,114,2.0
124,122,109,2.0
124,122,102,2.0
124,122,100,2.0
124,122,98,2.0
124,122,88,2.0
124,122,86,2.0
124,122,60,2.0
124,122,57,2.0
124,122,55,2.0
124,122,53,2.0
124,122,52,2.0
124,122,51,2.0
124,122,48,2.0
124,122,40,2.0
124,122,25,2.0
124,122,6,2.0
124,142,157,2.0
124,142,156,2.0
124,142,81,2.0
124,142,56,2.0
124,142,21,2.0
124,142,58,2.0
124,142,111,2.0
124,121,65,3.0
124,122,188,3.0
124,122,170,3.0
124,122,139,3.0
124,122,106,3.0
124,122,78,3.0
124,122,76,3.0
124,122,63,3.0
124,122,59,3.0
124,122,42,3.0
124,122,34,3.0
124,122,2,3.0
124,142,173,3.0
124,142,119,3.0
124,142,140,3.0
124,142,112,3.0
124,142,68,3.0
124,142,27,3.0
124,142,3,3.0
124,121,146,4.0
124,122,186,4.0
124,122,178,4.0
124,122,158,4.0
124,122,150,4.0
124,122,143,4.0
124,122,134,4.0
124,122,115,4.0
124,122,101,4.0
124,122,85,4.0
124,122,67,4.0
124,122,33,4.0
124,122,19,4.0
124,122,16,4.0
124,142,177,4.0
124,142,176,4.0
124,142,141,4.0
124,142,89,4.0
124,142,39,4.0
124,142,35,4.0
124,142,22,4.0
124,121,184,5.0
124,121,175,5.0
124,121,1,5.0
124,122,154,5.0
124,122,141,5.0
124,122,126,5.0
124,122,111,5.0
124,122,89,5.0
124,122,81,5.0
124,122,73,5.0
124,122,45,5.0
124,122,32,5.0
124,122,3,5.0
124,142,107,5.0
124,142,33,5.0
124,142,26,5.0
124,142,13,5.0
124,121,126,6.0
124,121,125,6.0
124,121,71,6.0
124,122,157,6.0
124,122,84,6.0
124,122,49,6.0
124,122,27,6.0
124,122,22,6.0
124,122,13,6.0
124,142,179,6.0
124,142,154,6.0
124,142,84,6.0
124,142,53,6.0
124,142,50,6.0
124,142,16,6.0
124,121,183,7.0
124,122,176,7.0
124,122,107,7.0
124,122,69,7.0
124,122,50,7.0
124,122,23,7.0
124,142,126,7.0
124,121,34,8.0
124,122,179,8.0
124,122,39,8.0
124,122,21,8.0
124,142,143,8.0
124,142,75,8.0
124,121,164,9.0
124,121,145,9.0
124,122,177,9.0
124,122,145,9.0
124,122,104,9.0
124,122,96,9.0
124,122,26,9.0
124,122,20,9.0
124,142,159,9.0
124,142,69,9.0
124,142,20,9.0
124,142,10,9.0
124,121,133,10.0
124,121,127,10.0
124,122,149,10.0
124,122,144,10.0
124,122,140,10.0
124,142,144,10.0
124,142,117,10.0
124,142,104,10.0
124,142,29,10.0
124,142,28,10.0
124,142,23,10.0
124,142,7,10.0
124,122,159,11.0
124,122,156,11.0
124,122,119,11.0
124,122,75,11.0
124,122,61,11.0
124,122,35,11.0
124,122,28,11.0
124,122,7,11.0
124,142,169,11.0
124,142,77,11.0
124,121,82,12.0
124,122,117,12.0
124,142,149,12.0
124,142,96,12.0
124,122,152,13.0
124,142,61,13.0
124,121,110,14.0
124,122,169,14.0
124,122,163,14.0
124,122,29,14.0
124,122,10,14.0
124,142,152,14.0
124,142,94,14.0
124,142,163,15.0
124,122,94,16.0
124,142,182,16.0
124,122,182,17.0
124,122,130,17.0
124,122,38,17.0
124,122,4,17.0
124,121,117,18.0
124,122,190,18.0
124,122,77,18.0
124,142,38,18.0
124,142,145,19.0
124,142,15,19.0
124,121,165,20.0
124,121,5,20.0
124,122,167,20.0
124,142,190,20.0
124,142,167,20.0
124,122,36,21.0
124,142,36,22.0
124,121,147,23.0
124,142,130,23.0
124,121,44,27.0
124,142,4,27.0
124,122,15,28.0
129,122,101,1.0
129,122,100,1.0
129,122,98,1.0
129,122,80,1.0
129,122,74,1.0
129,122,63,1.0
129,122,60,1.0
129,122,49,1.0
129,122,48,1.0
129,122,40,1.0
129,122,33,1.0
129,122,25,1.0
129,122,24,1.0
129,122,19,1.0
129,122,2,1.0
129,122,151,1.0
129,122,134,1.0
129,122,132,1.0
129,122,130,1.0
129,122,119,1.0
129,142,150,1.0
129,142,21,1.0
129,122,103,2.0
129,122,102,2.0
129,122,99,2.0
129,122,88,2.0
129,122,76,2.0
129,122,53,2.0
129,122,42,2.0
129,122,34,2.0
129,122,21,2.0
129,122,17,2.0
129,122,158,2.0
129,122,12,2.0
129,122,186,2.0
129,122,148,2.0
129,122,144,2.0
129,122,135,2.0
129,122,123,2.0
129,122,109,2.0
129,142,119,2.0
129,142,81,2.0
129,142,15,2.0
129,142,14,2.0
129,142,168,2.0
129,121,160,3.0
129,121,128,3.0
129,121,119,3.0
129,121,54,3.0
129,122,81,3.0
129,122,78,3.0
129,122,59,3.0
129,122,55,3.0
129,122,36,3.0
129,122,35,3.0
129,122,32,3.0
129,122,31,3.0
129,122,28,3.0
129,122,6,3.0
129,122,187,3.0
129,122,185,3.0
129,122,181,3.0
129,122,180,3.0
129,122,171,3.0
129,122,170,3.0
129,122,168,3.0
129,122,159,3.0
129,122,157,3.0
129,122,156,3.0
129,122,141,3.0
129,122,131,3.0
129,122,118,3.0
129,122,115,3.0
129,122,107,3.0
129,142,184,3.0
129,142,182,3.0
129,142,176,3.0
129,142,157,3.0
129,142,152,3.0
129,142,140,3.0
129,142,126,3.0
129,142,89,3.0
129,142,57,3.0
129,142,41,3.0
129,121,95,4.0
129,122,87,4.0
129,122,86,4.0
129,122,75,4.0
129,122,73,4.0
129,122,67,4.0
129,122,52,4.0
129,122,41,4.0
129,122,38,4.0
129,122,37,4.0
129,122,191,4.0
129,122,188,4.0
129,122,184,4.0
129,122,150,4.0
129,122,136,4.0
129,142,167,4.0
129,142,159,4.0
129,142,141,4.0
129,142,115,4.0
129,142,80,4.0
129,142,38,4.0
129,142,35,4.0
129,142,29,4.0
129,142,11,4.0
129,121,184,5.0
129,122,96,5.0
129,122,89,5.0
129,122,85,5.0
129,122,77,5.0
129,122,56,5.0
129,122,51,5.0
129,122,14,5.0
129,122,11,5.0
129,122,3,5.0
129,122,177,5.0
129,122,167,5.0
129,122,152,5.0
129,122,126,5.0
129,122,105,5.0
129,142,179,5.0
129,142,174,5.0
129,142,84,5.0
129,121,79,6.0
129,121,8,6.0
129,122,58,6.0
129,122,57,6.0
129,122,47,6.0
129,122,182,6.0
129,122,176,6.0
129,122,111,6.0
129,142,163,6.0
129,122,45,7.0
129,122,29,7.0
129,122,26,7.0
129,142,169,7.0
129,142,73,7.0
129,142,58,7.0
129,142,16,7.0
129,142,13,7.0
129,122,84,8.0
129,122,39,8.0
129,122,23,8.0
129,122,13,8.0
129,122,174,8.0
129,122,140,8.0
129,122,116,8.0
129,122,114,8.0
129,121,164,9.0
129,121,143,9.0
129,122,68,9.0
129,122,27,9.0
129,122,163,9.0
129,142,39,9.0
129,142,23,9.0
129,121,166,10.0
129,122,70,10.0
129,122,16,10.0
129,122,179,10.0
129,122,117,10.0
129,122,112,10.0
129,142,112,10.0
129,142,111,10.0
129,142,68,10.0
129,142,27,10.0
129,121,110,11.0
129,121,0,11.0
129,122,104,11.0
129,142,145,11.0
129,142,117,11.0
129,142,105,11.0
129,142,10,11.0
129,121,43,12.0
129,122,18,12.0
129,122,15,12.0
129,122,10,12.0
129,122,169,12.0
129,142,96,12.0
129,142,90,12.0
129,142,26,12.0
129,121,127,13.0
129,122,145,13.0
129,142,116,13.0
129,142,70,13.0
129,142,114,14.0
129,142,22,14.0
129,122,90,15.0
129,142,94,15.0
129,142,7,15.0
129,142,3,15.0
129,122,61,16.0
129,122,22,16.0
129,122,7,16.0
129,142,190,16.0
129,121,173,17.0
129,121,165,17.0
129,122,69,17.0
129,142,18,17.0
129,122,4,18.0
129,142,50,19.0
129,122,190,20.0
129,142,69,20.0
129,122,94,21.0
129,142,104,21.0
129,142,61,21.0
129,142,149,23.0
129,122,50,24.0
129,122,149,25.0
129,121,147,26.0
129,142,4,29.0
129,121,120,30.0
129,122,154,30.0
129,121,117,35.0
129,142,154,35.0
138,122,186,1.0
138,122,158,1.0
138,122,150,1.0
138,122,148,1.0
138,122,136,1.0
138,122,131,1.0
138,122,116,1.0
138,122,109,1.0
138,122,94,1.0
138,122,76,1.0
138,122,63,1.0
138,122,47,1.0
138,122,42,1.0
138,122,32,1.0
138,122,6,1.0
138,142,77,1.0
138,142,68,1.0
138,142,14,1.0
138,142,13,1.0
138,122,182,2.0
138,122,178,2.0
138,122,156,2.0
138,122,144,2.0
138,122,134,2.0
138,122,106,2.0
138,122,100,2.0
138,122,87,2.0
138,122,78,2.0
138,122,57,2.0
138,122,52,2.0
138,122,45,2.0
138,122,31,2.0
138,122,13,2.0
138,122,11,2.0
138,122,2,2.0
138,142,170,2.0
138,142,130,2.0
138,142,144,2.0
138,142,80,2.0
138,142,15,2.0
138,122,185,3.0
138,122,181,3.0
138,122,174,3.0
138,122,157,3.0
138,122,145,3.0
138,122,135,3.0
138,122,118,3.0
138,122,103,3.0
138,122,102,3.0
138,122,88,3.0
138,122,86,3.0
138,122,80,3.0
138,122,62,3.0
138,122,55,3.0
138,122,37,3.0
138,122,35,3.0
138,122,34,3.0
138,122,21,3.0
138,122,12,3.0
138,122,4,3.0
138,142,191,3.0
138,142,174,3.0
138,142,126,3.0
138,142,16,3.0
138,142,3,3.0
138,121,184,4.0
138,122,191,4.0
138,122,180,4.0
138,122,179,4.0
138,122,171,4.0
138,122,151,4.0
138,122,139,4.0
138,122,137,4.0
138,122,132,4.0
138,122,115,4.0
138,122,108,4.0
138,122,98,4.0
138,122,77,4.0
138,122,69,4.0
138,122,67,4.0
138,122,59,4.0
138,122,51,4.0
138,122,49,4.0
138,122,48,4.0
138,122,41,4.0
138,122,17,4.0
138,122,14,4.0
138,142,105,4.0
138,142,58,4.0
138,121,162,5.0
138,122,190,5.0
138,122,188,5.0
138,122,173,5.0
138,122,163,5.0
138,122,154,5.0
138,122,128,5.0
138,122,126,5.0
138,122,107,5.0
138,122,89,5.0
138,122,85,5.0
138,122,38,5.0
138,122,33,5.0
138,122,15,5.0
138,122,10,5.0
138,122,3,5.0
138,142,173,5.0
138,142,163,5.0
138,142,145,5.0
138,142,128,5.0
138,142,90,5.0
138,142,69,5.0
138,142,57,5.0
138,142,50,5.0
138,142,28,5.0
138,142,27,5.0
138,142,11,5.0
138,142,10,5.0
138,121,79,6.0
138,122,168,6.0
138,122,130,6.0
138,122,123,6.0
138,122,99,6.0
138,122,68,6.0
138,142,154,6.0
138,142,141,6.0
138,142,94,6.0
138,142,56,6.0
138,122,170,7.0
138,122,149,7.0
138,122,114,7.0
138,122,90,7.0
138,122,75,7.0
138,122,53,7.0
138,122,50,7.0
138,142,190,7.0
138,142,182,7.0
138,142,168,7.0
138,142,20,7.0
138,142,4,7.0
138,121,143,8.0
138,122,169,8.0
138,122,101,8.0
138,122,23,8.0
138,142,169,8.0
138,142,101,8.0
138,142,53,8.0
138,121,165,9.0
138,121,117,9.0
138,121,9,9.0
138,122,104,9.0
138,122,56,9.0
138,122,36,9.0
138,122,27,9.0
138,122,20,9.0
138,122,16,9.0
138,142,104,9.0
138,142,81,9.0
138,142,75,9.0
138,142,73,9.0
138,121,93,10.0
138,121,92,10.0
138,121,5,10.0
138,122,177,10.0
138,142,177,10.0
138,142,159,10.0
138,142,114,10.0
138,142,38,10.0
138,121,8,11.0
138,122,7,11.0
138,142,112,11.0
138,142,23,11.0
138,142,7,11.0
138,121,160,12.0
138,122,159,12.0
138,122,105,12.0
138,122,81,12.0
138,122,26,12.0
138,142,149,12.0
138,142,140,12.0
138,142,96,12.0
138,121,128,13.0
138,121,46,13.0
138,122,176,13.0
138,122,140,13.0
138,122,96,13.0
138,122,39,13.0
138,122,29,13.0
138,122,22,13.0
138,142,152,13.0
138,121,127,14.0
138,122,152,14.0
138,122,117,14.0
138,122,112,14.0
138,142,22,14.0
138,121,44,15.0
138,122,141,16.0
138,122,84,16.0
138,142,184,16.0
138,142,117,16.0
138,142,84,16.0
138,142,29,17.0
138,142,26,17.0
138,122,184,18.0
138,142,39,18.0
138,121,126,19.0
138,122,111,19.0
138,122,28,19.0
138,121,71,20.0
138,122,167,20.0
138,122,73,20.0
138,142,70,20.0
138,142,36,20.0
138,121,155,21.0
138,142,167,21.0
138,121,183,22.0
138,121,146,22.0
138,122,70,23.0
138,142,111,23.0
138,142,61,23.0
138,121,147,24.0
138,122,61,24.0
138,142,176,28.0
138,122,18,29.0
138,142,18,32.0
172,122,185,1.0
172,122,180,1.0
172,122,178,1.0
172,122,152,1.0
172,122,123,1.0
172,122,118,1.0
172,122,98,1.0
172,122,86,1.0
172,122,74,1.0
172,122,60,1.0
172,122,49,1.0
172,122,41,1.0
172,122,181,1.0
172,122,31,1.0
172,122,24,1.0
172,122,11,1.0
172,142,173,1.0
172,142,58,1.0
172,122,191,2.0
172,122,188,2.0
172,122,187,2.0
172,122,170,2.0
172,122,150,2.0
172,122,148,2.0
172,122,140,2.0
172,122,130,2.0
172,122,114,2.0
172,122,107,2.0
172,122,108,2.0
172,122,103,2.0
172,122,100,2.0
172,122,77,2.0
172,122,68,2.0
172,122,62,2.0
172,122,59,2.0
172,122,58,2.0
172,122,57,2.0
172,122,135,2.0
172,122,42,2.0
172,122,17,2.0
172,122,12,2.0
172,142,168,2.0
172,142,141,2.0
172,142,114,2.0
172,142,144,2.0
172,142,14,2.0
172,142,3,2.0
172,142,107,2.0
172,121,146,3.0
172,122,186,3.0
172,122,151,3.0
172,122,137,3.0
172,122,136,3.0
172,122,134,3.0
172,122,109,3.0
172,122,106,3.0
172,122,99,3.0
172,122,90,3.0
172,122,87,3.0
172,122,52,3.0
172,122,48,3.0
172,122,39,3.0
172,122,37,3.0
172,122,34,3.0
172,122,25,3.0
172,122,157,3.0
172,122,6,3.0
172,122,2,3.0
172,142,117,3.0
172,142,116,3.0
172,142,90,3.0
172,142,89,3.0
172,142,70,3.0
172,142,23,3.0
172,142,126,3.0
172,122,184,4.0
172,122,139,4.0
172,122,131,4.0
172,122,117,4.0
172,122,115,4.0
172,122,80,4.0
172,122,76,4.0
172,122,67,4.0
172,122,63,4.0
172,122,45,4.0
172,122,40,4.0
172,122,32,4.0
172,122,19,4.0
172,122,16,4.0
172,122,14,4.0
172,142,184,4.0
172,142,101,4.0
172,142,80,4.0
172,121,164,5.0
172,122,173,5.0
172,122,167,5.0
172,122,158,5.0
172,122,144,5.0
172,122,132,5.0
172,122,102,5.0
172,122,101,5.0
172,122,96,5.0
172,122,56,5.0
172,122,51,5.0
172,122,33,5.0
172,122,26,5.0
172,142,156,5.0
172,142,154,5.0
172,142,84,5.0
172,142,77,5.0
172,142,56,5.0
172,142,53,5.0
172,142,35,5.0
172,142,28,5.0
172,121,166,6.0
172,121,162,6.0
172,121,46,6.0
172,122,174,6.0
172,122,163,6.0
172,122,154,6.0
172,122,149,6.0
172,122,126,6.0
172,122,55,6.0
172,122,47,6.0
172,122,28,6.0
172,122,23,6.0
172,122,21,6.0
172,142,163,6.0
172,142,96,6.0
172,142,21,6.0
172,142,13,6.0
172,121,127,7.0
172,121,126,7.0
172,121,79,7.0
172,121,8,7.0
172,122,141,7.0
172,122,116,7.0
172,122,89,7.0
172,122,88,7.0
172,122,69,7.0
172,122,50,7.0
172,122,35,7.0
172,122,29,7.0
172,122,4,7.0
172,142,167,7.0
172,142,111,7.0
172,142,69,7.0
172,142,68,7.0
172,121,175,8.0
172,121,153,8.0
172,122,168,8.0
172,122,111,8.0
172,122,70,8.0
172,122,53,8.0
172,122,27,8.0
172,122,10,8.0
172,142,10,8.0
172,121,65,9.0
172,122,190,9.0
172,122,156,9.0
172,122,3,9.0
172,142,190,9.0
172,142,115,9.0
172,142,112,9.0
172,142,22,9.0
172,122,22,10.0
172,122,7,10.0
172,142,105,10.0
172,142,29,10.0
172,121,155,11.0
172,121,34,11.0
172,122,38,11.0
172,122,36,11.0
172,122,15,11.0
172,142,169,11.0
172,142,81,11.0
172,142,27,11.0
172,142,26,11.0
172,142,7,11.0
172,121,95,12.0
172,122,84,12.0
172,142,176,12.0
172,142,149,12.0
172,142,4,12.0
172,121,93,13.0
172,122,176,13.0
172,122,159,13.0
172,122,112,13.0
172,142,38,13.0
172,121,183,14.0
172,121,44,14.0
172,122,169,14.0
172,122,104,14.0
172,122,75,14.0
172,122,13,14.0
172,142,159,14.0
172,142,75,14.0
172,122,179,15.0
172,122,177,15.0
172,122,105,15.0
172,142,177,15.0
172,142,104,15.0
172,142,36,15.0
172,121,165,16.0
172,121,145,16.0
172,122,73,16.0
172,142,179,16.0
172,142,73,16.0
172,142,20,16.0
172,122,61,17.0
172,122,20,17.0
172,122,81,18.0
172,142,94,18.0
172,142,15,19.0
172,121,110,22.0
172,122,182,22.0
172,122,94,22.0
172,142,50,22.0
172,142,18,22.0
172,121,147,25.0
172,122,18,27.0
172,142,61,27.0
172,142,182,28.0
172,121,173,30.0
189,122,103,1.0
189,122,187,1.0
189,122,177,1.0
189,122,136,1.0
189,122,123,1.0
189,122,115,1.0
189,122,109,1.0
189,122,106,1.0
189,122,98,1.0
189,122,89,1.0
189,122,88,1.0
189,122,84,1.0
189,122,78,1.0
189,122,59,1.0
189,122,45,1.0
189,122,40,1.0
189,122,24,1.0
189,122,19,1.0
189,142,182,1.0
189,142,156,1.0
189,142,150,1.0
189,142,38,1.0
189,142,21,1.0
189,122,188,2.0
189,122,186,2.0
189,122,185,2.0
189,122,181,2.0
189,122,170,2.0
189,122,157,2.0
189,122,141,2.0
189,122,139,2.0
189,122,116,2.0
189,122,107,2.0
189,122,102,2.0
189,122,101,2.0
189,122,86,2.0
189,122,62,2.0
189,122,55,2.0
189,122,52,2.0
189,122,49,2.0
189,122,48,2.0
189,122,42,2.0
189,122,33,2.0
189,122,31,2.0
189,122,25,2.0
189,122,21,2.0
189,122,17,2.0
189,122,6,2.0
189,122,3,2.0
189,122,134,2.0
189,142,191,2.0
189,142,173,2.0
189,142,152,2.0
189,142,50,2.0
189,142,63,2.0
189,142,3,2.0
189,121,160,3.0
189,121,54,3.0
189,122,178,3.0
189,122,174,3.0
189,122,171,3.0
189,122,168,3.0
189,122,156,3.0
189,122,152,3.0
189,122,151,3.0
189,122,135,3.0
189,122,131,3.0
189,122,108,3.0
189,122,100,3.0
189,122,80,3.0
189,122,74,3.0
189,122,76,3.0
189,122,67,3.0
189,122,57,3.0
189,122,51,3.0
189,122,41,3.0
189,122,32,3.0
189,122,28,3.0
189,122,16,3.0
189,142,177,3.0
189,142,176,3.0
189,122,169,4.0
189,122,158,4.0
189,122,154,4.0
189,122,148,4.0
189,122,137,4.0
189,122,132,4.0
189,122,114,4.0
189,122,96,4.0
189,122,87,4.0
189,122,85,4.0
189,122,60,4.0
189,122,37,4.0
189,122,34,4.0
189,122,20,4.0
189,142,144,4.0
189,142,114,4.0
189,142,53,4.0
189,142,35,4.0
189,142,14,4.0
189,121,164,5.0
189,122,173,5.0
189,122,144,5.0
189,122,104,5.0
189,122,56,5.0
189,122,47,5.0
189,122,39,5.0
189,122,7,5.0
189,122,2,5.0
189,142,154,5.0
189,142,105,5.0
189,142,104,5.0
189,142,29,5.0
189,142,13,5.0
189,121,166,6.0
189,121,119,6.0
189,121,65,6.0
189,122,180,6.0
189,122,130,6.0
189,122,99,6.0
189,122,90,6.0
189,122,81,6.0
189,122,77,6.0
189,122,12,6.0
189,142,163,6.0
189,142,148,6.0
189,142,39,6.0
189,142,20,6.0
189,122,191,7.0
189,122,182,7.0
189,122,167,7.0
189,122,111,7.0
189,122,70,7.0
189,122,63,7.0
189,122,38,7.0
189,122,29,7.0
189,122,18,7.0
189,122,13,7.0
189,142,130,7.0
189,142,90,7.0
189,142,81,7.0
189,142,57,7.0
189,142,27,7.0
189,142,7,7.0
189,121,46,8.0
189,121,1,8.0
189,122,176,8.0
189,122,140,8.0
189,122,105,8.0
189,122,53,8.0
189,122,36,8.0
189,122,27,8.0
189,122,14,8.0
189,142,140,8.0
189,142,96,8.0
189,142,56,8.0
189,142,28,8.0
189,142,4,8.0
189,121,147,9.0
189,121,110,9.0
189,122,190,9.0
189,122,150,9.0
189,122,75,9.0
189,122,73,9.0
189,122,50,9.0
189,122,35,9.0
189,122,11,9.0
189,142,184,9.0
189,142,58,9.0
189,121,184,10.0
189,122,112,10.0
189,122,58,10.0
189,142,169,10.0
189,142,77,10.0
189,142,73,10.0
189,142,70,10.0
189,142,11,10.0
189,122,184,11.0
189,122,163,11.0
189,122,149,11.0
189,122,23,11.0
189,122,4,11.0
189,142,117,11.0
189,142,18,11.0
189,142,15,11.0
189,121,71,12.0
189,121,34,12.0
189,122,26,12.0
189,142,68,12.0
189,142,36,12.0
189,121,127,13.0
189,142,167,13.0
189,142,111,13.0
189,142,23,13.0
189,142,10,13.0
189,142,190,14.0
189,142,179,14.0
189,121,183,15.0
189,122,117,15.0
189,122,68,15.0
189,142,149,15.0
189,142,145,15.0
189,121,125,16.0
189,142,159,16.0
189,142,112,16.0
189,142,75,16.0
189,142,26,16.0
189,122,159,17.0
189,122,145,17.0
189,122,15,17.0
189,121,5,18.0
189,122,179,18.0
189,142,94,18.0
189,142,61,18.0
189,142,22,18.0
189,121,165,19.0
189,122,69,19.0
189,122,10,19.0
189,121,92,20.0
189,122,61,20.0
189,122,22,20.0
189,121,44,22.0
189,122,94,22.0
189,142,69,22.0
189,121,82,23.0
189,121,8,24.0
